{"authorDailyContributionsMap":{"HolmarRiveraC":[],"Joseph101rom":[],"Steff-Montero":[{"date":"2025-08-21T00:00:00","commitResults":[{"hash":"5b9ae55ad0bf211a78d64aa687f9ec33591965d0","isMergeCommit":false,"messageTitle":"Creacion_de_portada_reporte","messageBody":"","fileTypesAndContributionMap":{"aux":{"insertions":9,"deletions":0},"tex":{"insertions":41,"deletions":0}}}]}],"AndreyPrado":[{"date":"2025-08-20T00:00:00","commitResults":[{"hash":"6c0ad62b25ad66825f6eb807a6ddb51e7f403b65","isMergeCommit":false,"messageTitle":"feat: subo datos crudos a la carpeta","messageBody":"","fileTypesAndContributionMap":{"csv":{"insertions":2426,"deletions":0},"lock":{"insertions":1190,"deletions":0}}}]},{"date":"2025-08-22T00:00:00","commitResults":[{"hash":"e29f422e29cb0cc373a1ce8b34a1b96de4bfab9f","isMergeCommit":false,"messageTitle":"feat: Actualiza datos crudos","messageBody":"","fileTypesAndContributionMap":{"csv":{"insertions":0,"deletions":2426},"ipynb":{"insertions":452,"deletions":3}}},{"hash":"e65ab7b402a015672c10280bf0ab7f4169c59217","isMergeCommit":false,"messageTitle":"feat: añade análisis exploratorio de datos inicial y estructura del reporte","messageBody":"","fileTypesAndContributionMap":{"aux":{"insertions":35,"deletions":6},"tex":{"insertions":36,"deletions":13},"bib":{"insertions":73,"deletions":0},"ipynb":{"insertions":428,"deletions":354},"blg":{"insertions":61,"deletions":0},"fls":{"insertions":104,"deletions":0},"bbl":{"insertions":209,"deletions":0},"fdb_latexmk":{"insertions":60,"deletions":0}}},{"hash":"79b25f9ad8ce2cf99dcea9a2bc46dc3215dfdbb1","isMergeCommit":false,"messageTitle":"feat: Agrega información acerca del reporte del Sprint #1","messageBody":"","fileTypesAndContributionMap":{"md":{"insertions":31,"deletions":33}}},{"hash":"713c88c6bf0e2a4ad7ee11d103c5229899e9dca2","isMergeCommit":false,"messageTitle":"feat: Agrega análisis de datos y una prueba de visualización de dashboard","messageBody":"","fileTypesAndContributionMap":{"py":{"insertions":259,"deletions":0},"ipynb":{"insertions":23,"deletions":72}}}]}]},"authorFileTypeContributionMap":{"HolmarRiveraC":{},"Joseph101rom":{},"Steff-Montero":{"aux":7,"tex":34},"AndreyPrado":{"bib":73,"aux":31,"bbl":209,"blg":61,"fdb_latexmk":60,"fls":104,"tex":30,"ipynb":477,"md":31,"py":259,"lock":1177}},"authorContributionVariance":{"HolmarRiveraC":0.0,"Joseph101rom":0.0,"Steff-Montero":190.97221,"AndreyPrado":2435550.2},"authorDisplayNameMap":{"HolmarRiveraC":"Holmar Rivera","Joseph101rom":"Joseph Romero","Steff-Montero":"Steff Montero","AndreyPrado":"Andrey Prado"}}
