{"authorDailyContributionsMap":{"HolmarRiveraC":[],"Joseph101rom":[],"Steff-Montero":[{"date":"2025-08-21T00:00:00","commitResults":[{"hash":"5b9ae55ad0bf211a78d64aa687f9ec33591965d0","isMergeCommit":false,"messageTitle":"Creacion_de_portada_reporte","messageBody":"","fileTypesAndContributionMap":{"aux":{"insertions":9,"deletions":0},"tex":{"insertions":41,"deletions":0}}}]}],"AndreyPrado":[{"date":"2025-08-20T00:00:00","commitResults":[{"hash":"6c0ad62b25ad66825f6eb807a6ddb51e7f403b65","isMergeCommit":false,"messageTitle":"feat: subo datos crudos a la carpeta","messageBody":"","fileTypesAndContributionMap":{"csv":{"insertions":2426,"deletions":0},"lock":{"insertions":1190,"deletions":0}}}]}]},"authorFileTypeContributionMap":{"HolmarRiveraC":{},"Joseph101rom":{},"Steff-Montero":{"aux":9,"tex":41},"AndreyPrado":{"csv":2426,"lock":1190}},"authorContributionVariance":{"HolmarRiveraC":0.0,"Joseph101rom":0.0,"Steff-Montero":206.61156,"AndreyPrado":1080616.1},"authorDisplayNameMap":{"HolmarRiveraC":"Holmar Rivera","Joseph101rom":"Joseph Romero","Steff-Montero":"Steff Montero","AndreyPrado":"Andrey Prado"}}
