{"authorDailyContributionsMap":{"HolmarRiveraC":[],"Joseph101rom":[],"Steff-Montero":[{"date":"2025-08-21T00:00:00","commitResults":[{"hash":"5b9ae55ad0bf211a78d64aa687f9ec33591965d0","isMergeCommit":false,"messageTitle":"Creacion_de_portada_reporte","messageBody":"","fileTypesAndContributionMap":{"aux":{"insertions":9,"deletions":0},"tex":{"insertions":41,"deletions":0}}}]},{"date":"2025-08-30T00:00:00","commitResults":[{"hash":"459f6d154649ae6bb90aec5b73fc0d9d5c925f90","isMergeCommit":false,"messageTitle":"Update sprint_1.md","messageBody":"","fileTypesAndContributionMap":{"md":{"insertions":11,"deletions":9}}}]},{"date":"2025-09-05T00:00:00","commitResults":[{"hash":"f493f8eb46dc279706f51a836ef2a447c7f715dc","isMergeCommit":false,"messageTitle":"docs(latex): agregar marco teorico","messageBody":"","fileTypesAndContributionMap":{"aux":{"insertions":30,"deletions":7},"tex":{"insertions":41,"deletions":1},"blg":{"insertions":30,"deletions":33},"fls":{"insertions":88,"deletions":87},"bbl":{"insertions":110,"deletions":0},"fdb_latexmk":{"insertions":50,"deletions":50}}},{"hash":"f3e4dc2f553f28436601526898c269e57c22b4c7","isMergeCommit":false,"messageTitle":"docs(bib): añade nuevas referencias","messageBody":"","fileTypesAndContributionMap":{"bib":{"insertions":40,"deletions":1}}}]}],"AndreyPrado":[{"date":"2025-08-20T00:00:00","commitResults":[{"hash":"6c0ad62b25ad66825f6eb807a6ddb51e7f403b65","isMergeCommit":false,"messageTitle":"feat: subo datos crudos a la carpeta","messageBody":"","fileTypesAndContributionMap":{"csv":{"insertions":2426,"deletions":0},"lock":{"insertions":1190,"deletions":0}}}]},{"date":"2025-08-22T00:00:00","commitResults":[{"hash":"e29f422e29cb0cc373a1ce8b34a1b96de4bfab9f","isMergeCommit":false,"messageTitle":"feat: Actualiza datos crudos","messageBody":"","fileTypesAndContributionMap":{"csv":{"insertions":0,"deletions":2426},"ipynb":{"insertions":452,"deletions":3}}},{"hash":"e65ab7b402a015672c10280bf0ab7f4169c59217","isMergeCommit":false,"messageTitle":"feat: añade análisis exploratorio de datos inicial y estructura del reporte","messageBody":"","fileTypesAndContributionMap":{"aux":{"insertions":35,"deletions":6},"tex":{"insertions":36,"deletions":13},"bib":{"insertions":73,"deletions":0},"ipynb":{"insertions":428,"deletions":354},"blg":{"insertions":61,"deletions":0},"fls":{"insertions":104,"deletions":0},"bbl":{"insertions":209,"deletions":0},"fdb_latexmk":{"insertions":60,"deletions":0}}},{"hash":"79b25f9ad8ce2cf99dcea9a2bc46dc3215dfdbb1","isMergeCommit":false,"messageTitle":"feat: Agrega información acerca del reporte del Sprint #1","messageBody":"","fileTypesAndContributionMap":{"md":{"insertions":31,"deletions":33}}},{"hash":"713c88c6bf0e2a4ad7ee11d103c5229899e9dca2","isMergeCommit":false,"messageTitle":"feat: Agrega análisis de datos y una prueba de visualización de dashboard","messageBody":"","fileTypesAndContributionMap":{"py":{"insertions":259,"deletions":0},"ipynb":{"insertions":23,"deletions":72}}},{"hash":"0b5b25d91ccc740a9f7253b13585be598e8d63c0","isMergeCommit":false,"messageTitle":"feat: Agrega Presentación","messageBody":"","fileTypesAndContributionMap":{}}]},{"date":"2025-09-05T00:00:00","commitResults":[{"hash":"bedb60b7a7bbafced383fdf01854eb54d370f59d","isMergeCommit":false,"messageTitle":"feat: añade gráficos comparativos para la serie de tiempo y categorías, además de una estimación de densidad por kernels","messageBody":"","fileTypesAndContributionMap":{"ipynb":{"insertions":1870,"deletions":353}}},{"hash":"92da023e5a278cf39ccb6283c6e883f40ed890a0","isMergeCommit":false,"messageTitle":"feat: actualiza pdf del reporte","messageBody":"","fileTypesAndContributionMap":{"aux":{"insertions":7,"deletions":3},"tex":{"insertions":0,"deletions":0},"fls":{"insertions":95,"deletions":88},"fdb_latexmk":{"insertions":57,"deletions":49}}},{"hash":"d446c11008486d542324dd5aaf56fa574ecf6c34","isMergeCommit":false,"messageTitle":"feat: Añade documentos de latex","messageBody":"","fileTypesAndContributionMap":{"aux":{"insertions":18,"deletions":2},"tex":{"insertions":2,"deletions":1},"bib":{"insertions":0,"deletions":0},"blg":{"insertions":41,"deletions":30},"bbl":{"insertions":214,"deletions":0},"fdb_latexmk":{"insertions":8,"deletions":8}}},{"hash":"29602972278e999836ac9fbd32823e36c2931712","isMergeCommit":false,"messageTitle":"feat: presentacion sprint 2","messageBody":"","fileTypesAndContributionMap":{"pdf":{"insertions":13324,"deletions":0}}},{"hash":"268ae1d945f240e2f3fb317235466b5507ced407","isMergeCommit":false,"messageTitle":"feat: presentacion sprint 2","messageBody":"","fileTypesAndContributionMap":{}}]}]},"authorFileTypeContributionMap":{"HolmarRiveraC":{},"Joseph101rom":{},"Steff-Montero":{"bib":40,"aux":29,"bbl":110,"tex":45,"md":11},"AndreyPrado":{"pdf":13324,"bib":72,"aux":52,"bbl":423,"blg":69,"fdb_latexmk":68,"fls":112,"tex":32,"ipynb":1995,"md":31,"py":252,"lock":1177}},"authorContributionVariance":{"HolmarRiveraC":0.0,"Joseph101rom":0.0,"Steff-Montero":11918.018,"AndreyPrado":1.0515743E7},"authorDisplayNameMap":{"HolmarRiveraC":"Holmar Rivera","Joseph101rom":"Joseph Romero","Steff-Montero":"Steff Montero","AndreyPrado":"Andrey Prado"}}
