{"authorDailyContributionsMap":{"HolmarRiveraC":[],"Joseph101rom":[],"Steff-Montero":[],"AndreyPrado":[{"date":"2025-08-20T00:00:00","commitResults":[{"hash":"6c0ad62b25ad66825f6eb807a6ddb51e7f403b65","isMergeCommit":false,"messageTitle":"feat: subo datos crudos a la carpeta","messageBody":"","fileTypesAndContributionMap":{"csv":{"insertions":2426,"deletions":0},"lock":{"insertions":1190,"deletions":0}}}]}]},"authorFileTypeContributionMap":{"HolmarRiveraC":{},"Joseph101rom":{},"Steff-Montero":{},"AndreyPrado":{"csv":2426,"lock":1190}},"authorContributionVariance":{"HolmarRiveraC":0.0,"Joseph101rom":0.0,"Steff-Montero":0.0,"AndreyPrado":408182.78},"authorDisplayNameMap":{"HolmarRiveraC":"Holmar Rivera","Joseph101rom":"Joseph Romero","Steff-Montero":"Steff Montero","AndreyPrado":"Andrey Prado"}}
