{"authorDailyContributionsMap":{"pre-commit-ci[bot]":[{"date":"2025-08-19T00:00:00","commitResults":[{"hash":"5ac8bb1b5fa7fa212814cce6612e5169db5edbb6","isMergeCommit":false,"messageTitle":"chore(pre-commit): autoupdate hooks","messageBody":"updates:\n- [github.com/pre-commit/pre-commit-hooks: v5.0.0 → v6.0.0](https://github.com/pre-commit/pre-commit-hooks/compare/v5.0.0...v6.0.0)\n","fileTypesAndContributionMap":{"yaml":{"insertions":1,"deletions":1}}},{"hash":"25f980ce12ef1588732b6ae0d5c5b98c3f516036","isMergeCommit":false,"messageTitle":"chore(pre-commit): autofix run","messageBody":"","fileTypesAndContributionMap":{"gitignore":{"insertions":2,"deletions":2}}}]}]},"authorFileTypeContributionMap":{"pre-commit-ci[bot]":{"yaml":1}},"authorContributionVariance":{"pre-commit-ci[bot]":1.1238294},"authorDisplayNameMap":{"pre-commit-ci[bot]":"pre-commit-ci[bot]"}}
