{"authorDailyContributionsMap":{"HolmarRiveraC":[],"Joseph101rom":[],"Steff-Montero":[{"date":"2025-08-21T00:00:00","commitResults":[{"hash":"5b9ae55ad0bf211a78d64aa687f9ec33591965d0","isMergeCommit":false,"messageTitle":"Creacion_de_portada_reporte","messageBody":"","fileTypesAndContributionMap":{"aux":{"insertions":9,"deletions":0},"tex":{"insertions":41,"deletions":0}}}]},{"date":"2025-08-30T00:00:00","commitResults":[{"hash":"459f6d154649ae6bb90aec5b73fc0d9d5c925f90","isMergeCommit":false,"messageTitle":"Update sprint_1.md","messageBody":"","fileTypesAndContributionMap":{"md":{"insertions":11,"deletions":9}}}]},{"date":"2025-09-05T00:00:00","commitResults":[{"hash":"f493f8eb46dc279706f51a836ef2a447c7f715dc","isMergeCommit":false,"messageTitle":"docs(latex): agregar marco teorico","messageBody":"","fileTypesAndContributionMap":{"aux":{"insertions":30,"deletions":7},"tex":{"insertions":41,"deletions":1},"blg":{"insertions":30,"deletions":33},"fls":{"insertions":88,"deletions":87},"bbl":{"insertions":110,"deletions":0},"fdb_latexmk":{"insertions":50,"deletions":50}}},{"hash":"f3e4dc2f553f28436601526898c269e57c22b4c7","isMergeCommit":false,"messageTitle":"docs(bib): añade nuevas referencias","messageBody":"","fileTypesAndContributionMap":{"bib":{"insertions":40,"deletions":1}}}]},{"date":"2025-09-06T00:00:00","commitResults":[{"hash":"2558cff17eacf1f68f78abcf485b4ce61c5b1f47","isMergeCommit":false,"messageTitle":"docs(scrum): agregar planificación del sprint con marco teórico y análisis exploratorio","messageBody":"","fileTypesAndContributionMap":{"md":{"insertions":46,"deletions":72}}},{"hash":"07538e8f3cca576250aa782ce8d5e4569b6af1c0","isMergeCommit":false,"messageTitle":"chore(dashboar): refinamiento del análisis exploratorio con gráficos y estadísticas actualizadas","messageBody":"","fileTypesAndContributionMap":{"ipynb":{"insertions":17934,"deletions":1024}}}]},{"date":"2025-09-19T00:00:00","commitResults":[{"hash":"212d61ab9d48682f679a2a4c1c9fc80b2dfcc871","isMergeCommit":false,"messageTitle":"feat: añadir script en Python para análisis de dependencias con cópulas","messageBody":"","fileTypesAndContributionMap":{"py":{"insertions":226,"deletions":0}}}]}],"AndreyPrado":[{"date":"2025-08-20T00:00:00","commitResults":[{"hash":"6c0ad62b25ad66825f6eb807a6ddb51e7f403b65","isMergeCommit":false,"messageTitle":"feat: subo datos crudos a la carpeta","messageBody":"","fileTypesAndContributionMap":{"csv":{"insertions":2426,"deletions":0},"lock":{"insertions":1190,"deletions":0}}}]},{"date":"2025-08-22T00:00:00","commitResults":[{"hash":"e29f422e29cb0cc373a1ce8b34a1b96de4bfab9f","isMergeCommit":false,"messageTitle":"feat: Actualiza datos crudos","messageBody":"","fileTypesAndContributionMap":{"csv":{"insertions":0,"deletions":2426},"ipynb":{"insertions":452,"deletions":3}}},{"hash":"e65ab7b402a015672c10280bf0ab7f4169c59217","isMergeCommit":false,"messageTitle":"feat: añade análisis exploratorio de datos inicial y estructura del reporte","messageBody":"","fileTypesAndContributionMap":{"aux":{"insertions":35,"deletions":6},"tex":{"insertions":36,"deletions":13},"bib":{"insertions":73,"deletions":0},"ipynb":{"insertions":428,"deletions":354},"blg":{"insertions":61,"deletions":0},"fls":{"insertions":104,"deletions":0},"bbl":{"insertions":209,"deletions":0},"fdb_latexmk":{"insertions":60,"deletions":0}}},{"hash":"79b25f9ad8ce2cf99dcea9a2bc46dc3215dfdbb1","isMergeCommit":false,"messageTitle":"feat: Agrega información acerca del reporte del Sprint #1","messageBody":"","fileTypesAndContributionMap":{"md":{"insertions":31,"deletions":33}}},{"hash":"713c88c6bf0e2a4ad7ee11d103c5229899e9dca2","isMergeCommit":false,"messageTitle":"feat: Agrega análisis de datos y una prueba de visualización de dashboard","messageBody":"","fileTypesAndContributionMap":{"py":{"insertions":259,"deletions":0},"ipynb":{"insertions":23,"deletions":72}}},{"hash":"0b5b25d91ccc740a9f7253b13585be598e8d63c0","isMergeCommit":false,"messageTitle":"feat: Agrega Presentación","messageBody":"","fileTypesAndContributionMap":{}}]},{"date":"2025-09-05T00:00:00","commitResults":[{"hash":"bedb60b7a7bbafced383fdf01854eb54d370f59d","isMergeCommit":false,"messageTitle":"feat: añade gráficos comparativos para la serie de tiempo y categorías, además de una estimación de densidad por kernels","messageBody":"","fileTypesAndContributionMap":{"ipynb":{"insertions":1870,"deletions":353}}},{"hash":"92da023e5a278cf39ccb6283c6e883f40ed890a0","isMergeCommit":false,"messageTitle":"feat: actualiza pdf del reporte","messageBody":"","fileTypesAndContributionMap":{"aux":{"insertions":7,"deletions":3},"tex":{"insertions":0,"deletions":0},"fls":{"insertions":95,"deletions":88},"fdb_latexmk":{"insertions":57,"deletions":49}}},{"hash":"d446c11008486d542324dd5aaf56fa574ecf6c34","isMergeCommit":false,"messageTitle":"feat: Añade documentos de latex","messageBody":"","fileTypesAndContributionMap":{"aux":{"insertions":18,"deletions":2},"tex":{"insertions":2,"deletions":1},"bib":{"insertions":0,"deletions":0},"blg":{"insertions":41,"deletions":30},"bbl":{"insertions":214,"deletions":0},"fdb_latexmk":{"insertions":8,"deletions":8}}},{"hash":"29602972278e999836ac9fbd32823e36c2931712","isMergeCommit":false,"messageTitle":"feat: presentacion sprint 2","messageBody":"","fileTypesAndContributionMap":{"pdf":{"insertions":13324,"deletions":0}}},{"hash":"268ae1d945f240e2f3fb317235466b5507ced407","isMergeCommit":false,"messageTitle":"feat: presentacion sprint 2","messageBody":"","fileTypesAndContributionMap":{}}]},{"date":"2025-09-06T00:00:00","commitResults":[{"hash":"ffb314c6bdcb024b37ff15d4c023806c00aca696","isMergeCommit":false,"messageTitle":"fix: arregla conflictos antiguos","messageBody":"","fileTypesAndContributionMap":{"aux":{"insertions":1,"deletions":0},"fdb_latexmk":{"insertions":18,"deletions":0}}}]},{"date":"2025-09-19T00:00:00","commitResults":[{"hash":"ad464df99d9f26f8d48e692d92d6391257ebe17d","isMergeCommit":false,"messageTitle":"feat: Resuelve el conflicto","messageBody":"","fileTypesAndContributionMap":{"aux":{"insertions":2,"deletions":2},"tex":{"insertions":437,"deletions":0},"py":{"insertions":204,"deletions":149},"ipynb":{"insertions":878,"deletions":601},"fls":{"insertions":24,"deletions":1}}},{"hash":"a8963c6536238f9752d426cc157779228832aac8","isMergeCommit":false,"messageTitle":"feat: elimina chequeo de archivos grandes","messageBody":"","fileTypesAndContributionMap":{"yaml":{"insertions":0,"deletions":1}}},{"hash":"ae22ec6ce9694ef54f631fbb460e64d4268a3e61","isMergeCommit":false,"messageTitle":"feat: introducción tve y ajuste lognormal","messageBody":"","fileTypesAndContributionMap":{"csv":{"insertions":2352,"deletions":0},"ipynb":{"insertions":808,"deletions":1}}}]}]},"authorFileTypeContributionMap":{"HolmarRiveraC":{},"Joseph101rom":{},"Steff-Montero":{"bib":40,"aux":29,"bbl":110,"tex":45,"ipynb":17493,"md":56,"py":193},"AndreyPrado":{"pdf":13324,"csv":2352,"bib":72,"aux":53,"bbl":423,"blg":69,"fdb_latexmk":86,"fls":135,"tex":469,"ipynb":2496,"md":31,"py":312,"lock":1177}},"authorContributionVariance":{"HolmarRiveraC":0.0,"Joseph101rom":0.0,"Steff-Montero":8858261.0,"AndreyPrado":7595632.0},"authorDisplayNameMap":{"HolmarRiveraC":"Holmar Rivera","Joseph101rom":"Joseph Romero","Steff-Montero":"Steff Montero","AndreyPrado":"Andrey Prado"}}
