{"authorDailyContributionsMap":{"Maikol Solís":[{"date":"2025-08-14T00:00:00","commitResults":[{"hash":"d7b70fb11fc37eb56b731d702401cbe4d74ac4be","isMergeCommit":false,"messageTitle":"Initial commit","messageBody":"","fileTypesAndContributionMap":{"grupo-2":{"insertions":259,"deletions":0},"other":{"insertions":970,"deletions":0}}}]}]},"authorFileTypeContributionMap":{"Maikol Solís":{"grupo-2":259,"other":970}},"authorContributionVariance":{"Maikol Solís":48669.766},"authorDisplayNameMap":{"Maikol Solís":"Maikol Solís"}}
