[{"path":"scrum/sprints/sprint_1.md","fileType":"md","lines":[{"lineNumber":1,"author":{"gitId":"-"},"content":"# 📆 Planificación","lastModifiedDate":"2025-08-14T22:10:47","isFullCredit":false},{"lineNumber":2,"author":{"gitId":"-"},"content":"","lastModifiedDate":"2025-08-14T22:10:47","isFullCredit":false},{"lineNumber":3,"author":{"gitId":"-"},"content":"## 🎯 Objetivo del Sprint:","lastModifiedDate":"2025-08-14T22:10:47","isFullCredit":false},{"lineNumber":4,"author":{"gitId":"-"},"content":"","lastModifiedDate":"2025-08-14T22:10:47","isFullCredit":false},{"lineNumber":5,"author":{"gitId":"GabrielValGuz"},"content":"-   Sprint #1: Tener la base de datos cargada y ejecutar su limpieza de datos, así como definir la delimitación teórica para la metodología de la investigación.","lastModifiedDate":"2025-08-21T01:07:17","isFullCredit":true},{"lineNumber":6,"author":{"gitId":"GabrielValGuz"},"content":"-   Sprint #2: Realizar un análisis exploratorio de los datos, para ejecutar pruebas de hipótesis y gráficos de las distribuciones sobre los portafolios de inversión.","lastModifiedDate":"2025-08-21T01:07:17","isFullCredit":true},{"lineNumber":7,"author":{"gitId":"-"},"content":"","lastModifiedDate":"2025-08-14T22:10:47","isFullCredit":false},{"lineNumber":8,"author":{"gitId":"-"},"content":"## 😃 Historias de usuario","lastModifiedDate":"2025-08-14T22:10:47","isFullCredit":false},{"lineNumber":9,"author":{"gitId":"-"},"content":"","lastModifiedDate":"2025-08-14T22:10:47","isFullCredit":false},{"lineNumber":10,"author":{"gitId":"GabrielValGuz"},"content":"-   HU#1 - Como científico de datos quiero cargar datos crudos desde la fuente cruda (CSV) para crear mi base de datos limpia. (Estimación: 3pts) – *Criterios de aceptación confirmados.*","lastModifiedDate":"2025-08-21T01:07:17","isFullCredit":true},{"lineNumber":11,"author":{"gitId":"GabrielValGuz"},"content":"-   HU#3 - Como investigador quiero hacer revisión de fuentes bibliograficas relacionadas a los temas pertinentes al proyecto para facilitar la definición del tema y pregunta de investigación. (Estimación: 2pts) – *Criterios de aceptación confirmados.*","lastModifiedDate":"2025-08-21T01:07:17","isFullCredit":true},{"lineNumber":12,"author":{"gitId":"GabrielValGuz"},"content":"-   HU#4 - Como científico de datos, quiero limpiar la base de datos cruda para mejorar la calidad del dataset y evitar sesgos en el análisis. (Estimación: 5pts) – *Criterios de aceptación confirmados.*","lastModifiedDate":"2025-08-21T01:07:17","isFullCredit":true},{"lineNumber":13,"author":{"gitId":"GabrielValGuz"},"content":"-   HU#5 - Como científico de datos, quiero verificar la autenticidad de los datos para garantizar la confiabilidad y la legalidad del dataset. (Estimación: 2pts) – *Criterios de aceptación confirmados.*","lastModifiedDate":"2025-08-21T01:07:17","isFullCredit":true},{"lineNumber":14,"author":{"gitId":"GabrielValGuz"},"content":"-   HU#6 - Como científico de datos, quiero realizar una base de lo que será el dashboard a utilizar en el proyecto. (Estimación: 4pts) – *Criterios de aceptación confirmados.*","lastModifiedDate":"2025-08-21T01:07:17","isFullCredit":true},{"lineNumber":15,"author":{"gitId":"GabrielValGuz"},"content":"-   HU#7 - Como científico de datos, quiero generar scripts de creación de gráficos (Estimación: 4pts) – *Criterios de aceptación confirmados.*","lastModifiedDate":"2025-08-21T01:07:17","isFullCredit":true},{"lineNumber":16,"author":{"gitId":"GabrielValGuz"},"content":"-   HU#8 - Como investigador, quiero generar una prevista de lo que será el documento del reporte de la investigación. (Estimación: 3pts) – *Criterios de aceptación confirmados.*","lastModifiedDate":"2025-08-21T01:07:17","isFullCredit":true},{"lineNumber":17,"author":{"gitId":"-"},"content":"","lastModifiedDate":"2025-08-14T22:10:47","isFullCredit":false},{"lineNumber":18,"author":{"gitId":"-"},"content":"","lastModifiedDate":"2025-08-14T22:10:47","isFullCredit":false},{"lineNumber":19,"author":{"gitId":"-"},"content":"## 🔜 Plan de alto nivel:","lastModifiedDate":"2025-08-14T22:10:47","isFullCredit":false},{"lineNumber":20,"author":{"gitId":"-"},"content":"","lastModifiedDate":"2025-08-14T22:10:47","isFullCredit":false},{"lineNumber":21,"author":{"gitId":"GabrielValGuz"},"content":"-   *Semana 1:* *Tareas principales (ej: Ingesta de datos, Setup entorno CI).*","lastModifiedDate":"2025-08-21T01:07:17","isFullCredit":true},{"lineNumber":22,"author":{"gitId":"GabrielValGuz"},"content":"-   *Semana 2:* *Tareas principales (ej: Implementar modelo y validar, preparar demo).*","lastModifiedDate":"2025-08-21T01:07:17","isFullCredit":true},{"lineNumber":23,"author":{"gitId":"-"},"content":"","lastModifiedDate":"2025-08-14T22:10:47","isFullCredit":false},{"lineNumber":24,"author":{"gitId":"-"},"content":"## 🥇 Criterios de aceptación del Sprint:","lastModifiedDate":"2025-08-14T22:10:47","isFullCredit":false},{"lineNumber":25,"author":{"gitId":"-"},"content":"","lastModifiedDate":"2025-08-14T22:10:47","isFullCredit":false},{"lineNumber":26,"author":{"gitId":"GabrielValGuz"},"content":"-   [ ] *Todas las historias listadas completadas y aceptadas por el profesor.*","lastModifiedDate":"2025-08-21T01:07:17","isFullCredit":true},{"lineNumber":27,"author":{"gitId":"GabrielValGuz"},"content":"-   [ ] *El código limpia automáticamente la base de datos.*","lastModifiedDate":"2025-08-21T01:07:17","isFullCredit":true},{"lineNumber":28,"author":{"gitId":"-"},"content":"","lastModifiedDate":"2025-08-14T22:10:47","isFullCredit":false},{"lineNumber":29,"author":{"gitId":"-"},"content":"## 📌 Asignación de tareas inicial","lastModifiedDate":"2025-08-14T22:10:47","isFullCredit":false},{"lineNumber":30,"author":{"gitId":"GabrielValGuz"},"content":"","lastModifiedDate":"2025-08-21T01:07:17","isFullCredit":true},{"lineNumber":31,"author":{"gitId":"-"},"content":"-   *Persona A:* Historia 1","lastModifiedDate":"2025-08-14T22:10:47","isFullCredit":false},{"lineNumber":32,"author":{"gitId":"-"},"content":"-   *Persona B:* Historia 2","lastModifiedDate":"2025-08-14T22:10:47","isFullCredit":false},{"lineNumber":33,"author":{"gitId":"-"},"content":"-   *Persona C:* documentación","lastModifiedDate":"2025-08-14T22:10:47","isFullCredit":false},{"lineNumber":34,"author":{"gitId":"-"},"content":"","lastModifiedDate":"2025-08-14T22:10:47","isFullCredit":false},{"lineNumber":35,"author":{"gitId":"-"},"content":"## 🚫 Posibles bloqueos o impedimentos conocidos","lastModifiedDate":"2025-08-14T22:10:47","isFullCredit":false},{"lineNumber":36,"author":{"gitId":"-"},"content":"","lastModifiedDate":"2025-08-14T22:10:47","isFullCredit":false},{"lineNumber":37,"author":{"gitId":"GabrielValGuz"},"content":"-   **Bloqueo:** \\_No tenemos la base de datos limpia.","lastModifiedDate":"2025-08-21T01:07:17","isFullCredit":true},{"lineNumber":38,"author":{"gitId":"GabrielValGuz"},"content":"-   **Solución** *Crear una historia solo para limpiar la base de datos*.","lastModifiedDate":"2025-08-21T01:07:17","isFullCredit":true},{"lineNumber":39,"author":{"gitId":"-"},"content":"","lastModifiedDate":"2025-08-14T22:10:47","isFullCredit":false},{"lineNumber":40,"author":{"gitId":"-"},"content":"# ⏳ Daily","lastModifiedDate":"2025-08-14T22:10:47","isFullCredit":false},{"lineNumber":41,"author":{"gitId":"-"},"content":"","lastModifiedDate":"2025-08-14T22:10:47","isFullCredit":false},{"lineNumber":42,"author":{"gitId":"-"},"content":"El formato para cada estudiante debe ser","lastModifiedDate":"2025-08-14T22:10:47","isFullCredit":false},{"lineNumber":43,"author":{"gitId":"-"},"content":"","lastModifiedDate":"2025-08-14T22:10:47","isFullCredit":false},{"lineNumber":44,"author":{"gitId":"GabrielValGuz"},"content":"-   **¿Qué hice ayer?**: *Describir brevemente las tareas completadas ayer, vinculadas a historias (ej: \"Implementé la función de limpieza y escribí test para valores faltantes\").*","lastModifiedDate":"2025-08-21T01:07:17","isFullCredit":true},{"lineNumber":45,"author":{"gitId":"GabrielValGuz"},"content":"-   **¿Qué haré hoy?**: *Enumerar foco de hoy (ej: \"Integrar resultados descriptivos en el reporte y comenzar prueba de hipótesis\").*","lastModifiedDate":"2025-08-21T01:07:17","isFullCredit":true},{"lineNumber":46,"author":{"gitId":"GabrielValGuz"},"content":"-   **¿Hay algo que me está bloqueando?**: *Listar obstáculos o dependencias (ej: \"Falta confirmar el rango de años con PO\" o \"La librería X está dando un bug\").*","lastModifiedDate":"2025-08-21T01:07:17","isFullCredit":true},{"lineNumber":47,"author":{"gitId":"-"},"content":"","lastModifiedDate":"2025-08-14T22:10:47","isFullCredit":false},{"lineNumber":48,"author":{"gitId":"-"},"content":"## Fecha: YYYY-MM-DD","lastModifiedDate":"2025-08-14T22:10:47","isFullCredit":false},{"lineNumber":49,"author":{"gitId":"-"},"content":"","lastModifiedDate":"2025-08-14T22:10:47","isFullCredit":false},{"lineNumber":50,"author":{"gitId":"-"},"content":"### Estudiante A:","lastModifiedDate":"2025-08-14T22:10:47","isFullCredit":false},{"lineNumber":51,"author":{"gitId":"GabrielValGuz"},"content":"","lastModifiedDate":"2025-08-21T01:07:17","isFullCredit":true},{"lineNumber":52,"author":{"gitId":"-"},"content":"-   **¿Qué hice ayer?**:","lastModifiedDate":"2025-08-14T22:10:47","isFullCredit":false},{"lineNumber":53,"author":{"gitId":"-"},"content":"-   **¿Qué haré hoy?**:","lastModifiedDate":"2025-08-14T22:10:47","isFullCredit":false},{"lineNumber":54,"author":{"gitId":"-"},"content":"-   **¿Hay algo que me está bloqueando?**:","lastModifiedDate":"2025-08-14T22:10:47","isFullCredit":false},{"lineNumber":55,"author":{"gitId":"-"},"content":"","lastModifiedDate":"2025-08-14T22:10:47","isFullCredit":false},{"lineNumber":56,"author":{"gitId":"-"},"content":"### Estudiante B:","lastModifiedDate":"2025-08-14T22:10:47","isFullCredit":false},{"lineNumber":57,"author":{"gitId":"GabrielValGuz"},"content":"","lastModifiedDate":"2025-08-21T01:07:17","isFullCredit":true},{"lineNumber":58,"author":{"gitId":"-"},"content":"-   **¿Qué hice ayer?**:","lastModifiedDate":"2025-08-14T22:10:47","isFullCredit":false},{"lineNumber":59,"author":{"gitId":"-"},"content":"-   **¿Qué haré hoy?**:","lastModifiedDate":"2025-08-14T22:10:47","isFullCredit":false},{"lineNumber":60,"author":{"gitId":"-"},"content":"-   **¿Hay algo que me está bloqueando?**:","lastModifiedDate":"2025-08-14T22:10:47","isFullCredit":false},{"lineNumber":61,"author":{"gitId":"-"},"content":"","lastModifiedDate":"2025-08-14T22:10:47","isFullCredit":false},{"lineNumber":62,"author":{"gitId":"-"},"content":"### Estudiante C:","lastModifiedDate":"2025-08-14T22:10:47","isFullCredit":false},{"lineNumber":63,"author":{"gitId":"GabrielValGuz"},"content":"","lastModifiedDate":"2025-08-21T01:07:17","isFullCredit":true},{"lineNumber":64,"author":{"gitId":"-"},"content":"-   **¿Qué hice ayer?**:","lastModifiedDate":"2025-08-14T22:10:47","isFullCredit":false},{"lineNumber":65,"author":{"gitId":"-"},"content":"-   **¿Qué haré hoy?**:","lastModifiedDate":"2025-08-14T22:10:47","isFullCredit":false},{"lineNumber":66,"author":{"gitId":"-"},"content":"-   **¿Hay algo que me está bloqueando?**:","lastModifiedDate":"2025-08-14T22:10:47","isFullCredit":false},{"lineNumber":67,"author":{"gitId":"-"},"content":"","lastModifiedDate":"2025-08-14T22:10:47","isFullCredit":false},{"lineNumber":68,"author":{"gitId":"-"},"content":"### Estudiante D:","lastModifiedDate":"2025-08-14T22:10:47","isFullCredit":false},{"lineNumber":69,"author":{"gitId":"GabrielValGuz"},"content":"","lastModifiedDate":"2025-08-21T01:07:17","isFullCredit":true},{"lineNumber":70,"author":{"gitId":"-"},"content":"-   **¿Qué hice ayer?**:","lastModifiedDate":"2025-08-14T22:10:47","isFullCredit":false},{"lineNumber":71,"author":{"gitId":"-"},"content":"-   **¿Qué haré hoy?**:","lastModifiedDate":"2025-08-14T22:10:47","isFullCredit":false},{"lineNumber":72,"author":{"gitId":"-"},"content":"-   **¿Hay algo que me está bloqueando?**:","lastModifiedDate":"2025-08-14T22:10:47","isFullCredit":false},{"lineNumber":73,"author":{"gitId":"-"},"content":"","lastModifiedDate":"2025-08-14T22:10:47","isFullCredit":false},{"lineNumber":74,"author":{"gitId":"-"},"content":"# 🔍 Revisión en clase (Fecha: YYYY-MM-DD)","lastModifiedDate":"2025-08-14T22:10:47","isFullCredit":false},{"lineNumber":75,"author":{"gitId":"-"},"content":"","lastModifiedDate":"2025-08-14T22:10:47","isFullCredit":false},{"lineNumber":76,"author":{"gitId":"-"},"content":"## 📈 Resultado mostrado","lastModifiedDate":"2025-08-14T22:10:47","isFullCredit":false},{"lineNumber":77,"author":{"gitId":"-"},"content":"","lastModifiedDate":"2025-08-14T22:10:47","isFullCredit":false},{"lineNumber":78,"author":{"gitId":"-"},"content":"-   *Funcionalidad A:* (ej: \"Carga automática de dataset desde CSV en base de datos completada\").","lastModifiedDate":"2025-08-14T22:10:47","isFullCredit":false},{"lineNumber":79,"author":{"gitId":"-"},"content":"-   *Funcionalidad B:* (ej: \"Gráficos descriptivos generados dinámicamente\").","lastModifiedDate":"2025-08-14T22:10:47","isFullCredit":false},{"lineNumber":80,"author":{"gitId":"-"},"content":"","lastModifiedDate":"2025-08-14T22:10:47","isFullCredit":false},{"lineNumber":81,"author":{"gitId":"-"},"content":"## :arrows_counterclockwise: Retroalimentación","lastModifiedDate":"2025-08-14T22:10:47","isFullCredit":false},{"lineNumber":82,"author":{"gitId":"-"},"content":"","lastModifiedDate":"2025-08-14T22:10:47","isFullCredit":false},{"lineNumber":83,"author":{"gitId":"-"},"content":"-   **Profesor**:","lastModifiedDate":"2025-08-14T22:10:47","isFullCredit":false},{"lineNumber":84,"author":{"gitId":"-"},"content":"-   **Compañeros:**","lastModifiedDate":"2025-08-14T22:10:47","isFullCredit":false},{"lineNumber":85,"author":{"gitId":"-"},"content":"","lastModifiedDate":"2025-08-14T22:10:47","isFullCredit":false},{"lineNumber":86,"author":{"gitId":"-"},"content":"## ✔️ Criterios de aceptación cumplidos:","lastModifiedDate":"2025-08-14T22:10:47","isFullCredit":false},{"lineNumber":87,"author":{"gitId":"-"},"content":"","lastModifiedDate":"2025-08-14T22:10:47","isFullCredit":false},{"lineNumber":88,"author":{"gitId":"GabrielValGuz"},"content":"-   [] \\_Historias 1, 2, 3. completadas. Falta la historia 4.","lastModifiedDate":"2025-08-21T01:07:17","isFullCredit":true},{"lineNumber":89,"author":{"gitId":"GabrielValGuz"},"content":"-   [x] Carga automática de la base de datos.","lastModifiedDate":"2025-08-21T01:07:17","isFullCredit":true},{"lineNumber":90,"author":{"gitId":"-"},"content":"","lastModifiedDate":"2025-08-14T22:10:47","isFullCredit":false},{"lineNumber":91,"author":{"gitId":"-"},"content":"# 🔙 Retrospective – Fecha: YYYY-MM-DD","lastModifiedDate":"2025-08-14T22:10:47","isFullCredit":false},{"lineNumber":92,"author":{"gitId":"-"},"content":"","lastModifiedDate":"2025-08-14T22:10:47","isFullCredit":false},{"lineNumber":93,"author":{"gitId":"-"},"content":"## :white_check_mark: Qué salió bien","lastModifiedDate":"2025-08-14T22:10:47","isFullCredit":false},{"lineNumber":94,"author":{"gitId":"-"},"content":"","lastModifiedDate":"2025-08-14T22:10:47","isFullCredit":false},{"lineNumber":95,"author":{"gitId":"GabrielValGuz"},"content":"1.  *Colaboración en el equipo* Logramos terminar el sprint a tiempo.","lastModifiedDate":"2025-08-21T01:07:17","isFullCredit":true},{"lineNumber":96,"author":{"gitId":"GabrielValGuz"},"content":"2.  *Usamos commits convencionales correctamente y no hubo errores*","lastModifiedDate":"2025-08-21T01:07:17","isFullCredit":true},{"lineNumber":97,"author":{"gitId":"GabrielValGuz"},"content":"3.  Documentación actualizada al día evitó retrabajo luego.","lastModifiedDate":"2025-08-21T01:07:17","isFullCredit":true},{"lineNumber":98,"author":{"gitId":"-"},"content":"","lastModifiedDate":"2025-08-14T22:10:47","isFullCredit":false},{"lineNumber":99,"author":{"gitId":"-"},"content":"## :no_good: Qué podría mejorar","lastModifiedDate":"2025-08-14T22:10:47","isFullCredit":false},{"lineNumber":100,"author":{"gitId":"-"},"content":"","lastModifiedDate":"2025-08-14T22:10:47","isFullCredit":false},{"lineNumber":101,"author":{"gitId":"GabrielValGuz"},"content":"-   *Gestión de tiempo en Daily:* a veces se extendieron a 20 min discutiendo detalles innecesarios.","lastModifiedDate":"2025-08-21T01:07:17","isFullCredit":true},{"lineNumber":102,"author":{"gitId":"GabrielValGuz"},"content":"-   *Claridad de criterios de aceptación:* En HU2 inicialmente no estaba claro cómo validar \"datos limpios\". Mejoraremos definición de *Done* para tareas de datos.","lastModifiedDate":"2025-08-21T01:07:17","isFullCredit":true},{"lineNumber":103,"author":{"gitId":"GabrielValGuz"},"content":"-   *Distribución de carga:* Persona A quedó sobrecargada con 3 historias. El próximo sprint se equilibrará asignación más temprano.","lastModifiedDate":"2025-08-21T01:07:17","isFullCredit":true},{"lineNumber":104,"author":{"gitId":"-"},"content":"","lastModifiedDate":"2025-08-14T22:10:47","isFullCredit":false},{"lineNumber":105,"author":{"gitId":"-"},"content":"## :pencil: Acciones concretas para el próximo sprint","lastModifiedDate":"2025-08-14T22:10:47","isFullCredit":false},{"lineNumber":106,"author":{"gitId":"GabrielValGuz"},"content":"","lastModifiedDate":"2025-08-21T01:07:17","isFullCredit":true},{"lineNumber":107,"author":{"gitId":"-"},"content":"1.  **Timebox en Daily** – SM usará temporizador de 15 min y cortará discusiones largas, anotándolas para after.","lastModifiedDate":"2025-08-14T22:10:47","isFullCredit":false},{"lineNumber":108,"author":{"gitId":"-"},"content":"2.  **Refinar historias en refinamiento semanal** – Agregar criterios de aceptación más detallados, especialmente para historias técnicas (como limpieza de datos).","lastModifiedDate":"2025-08-14T22:10:47","isFullCredit":false},{"lineNumber":109,"author":{"gitId":"GabrielValGuz"},"content":"3.  **Balancear asignación tareas** – Implementar mini-plan al inicio del sprint donde cada dev toma carga similar; SM monitoreará que nadie tenga \\\u003e40% de tareas.","lastModifiedDate":"2025-08-21T01:07:17","isFullCredit":true}],"authorContributionMap":{"GabrielValGuz":33,"-":76}}]
