{"authorDailyContributionsMap":{"pre-commit-ci[bot]":[{"date":"2025-08-19T00:00:00","commitResults":[{"hash":"8d97e0556a555cd4694a5a942c8030287ecb5f3b","isMergeCommit":false,"messageTitle":"chore(pre-commit): autoupdate hooks","messageBody":"updates:\n- [github.com/pre-commit/pre-commit-hooks: v5.0.0 → v6.0.0](https://github.com/pre-commit/pre-commit-hooks/compare/v5.0.0...v6.0.0)\n","fileTypesAndContributionMap":{"yaml":{"insertions":1,"deletions":1}}},{"hash":"d651d63c82e8acabe6a6bc43cc850d9f1f58023f","isMergeCommit":false,"messageTitle":"chore(pre-commit): autofix run","messageBody":"","fileTypesAndContributionMap":{"gitignore":{"insertions":2,"deletions":2}}}]}]},"authorFileTypeContributionMap":{"pre-commit-ci[bot]":{"yaml":1}},"authorContributionVariance":{"pre-commit-ci[bot]":1.0898438},"authorDisplayNameMap":{"pre-commit-ci[bot]":"pre-commit-ci[bot]"}}
