{"authorDailyContributionsMap":{"GabrielValGuz":[{"date":"2025-08-21T00:00:00","commitResults":[{"hash":"352c66e067ee0b9ff2eeb7b74a73a29672b7199c","isMergeCommit":false,"messageTitle":"feat: se modifica la informacion del primer sprint","messageBody":"","fileTypesAndContributionMap":{"md":{"insertions":65,"deletions":68}}}]}],"cjuc":[],"jeremyfloresbonilla":[],"DominickRodriguezTrejos":[{"date":"2025-08-21T00:00:00","commitResults":[{"hash":"1b265b0c8e7775a255ba24e44567c2392a8c28d1","isMergeCommit":false,"messageTitle":"recursos.txt","messageBody":"chore: se agregan más fuentes utiles","fileTypesAndContributionMap":{"txt":{"insertions":10,"deletions":0}}},{"hash":"3a38691427ca29b63fed65f4942a6d9076564931","isMergeCommit":false,"messageTitle":"chore: se agregan más fuentes utiles","messageBody":"","fileTypesAndContributionMap":{"txt":{"insertions":1,"deletions":1}}}]}]},"authorFileTypeContributionMap":{"GabrielValGuz":{"md":33},"cjuc":{},"jeremyfloresbonilla":{},"DominickRodriguezTrejos":{"txt":10}},"authorContributionVariance":{"GabrielValGuz":1461.9008,"cjuc":0.0,"jeremyfloresbonilla":0.0,"DominickRodriguezTrejos":11.900826},"authorDisplayNameMap":{"GabrielValGuz":"Gabriel Valverde","cjuc":"Christopher Urritia","jeremyfloresbonilla":"Jeremy Flores","DominickRodriguezTrejos":"Dominick Rodriguez"}}
