{"authorDailyContributionsMap":{"GabrielValGuz":[{"date":"2025-08-21T00:00:00","commitResults":[{"hash":"352c66e067ee0b9ff2eeb7b74a73a29672b7199c","isMergeCommit":false,"messageTitle":"feat: se modifica la informacion del primer sprint","messageBody":"","fileTypesAndContributionMap":{"md":{"insertions":65,"deletions":68}}}]}],"cjuc":[],"jeremyfloresbonilla":[],"DominickRodriguezTrejos":[]},"authorFileTypeContributionMap":{"GabrielValGuz":{"md":33},"cjuc":{},"jeremyfloresbonilla":{},"DominickRodriguezTrejos":{}},"authorContributionVariance":{"GabrielValGuz":535.50684,"cjuc":0.0,"jeremyfloresbonilla":0.0,"DominickRodriguezTrejos":0.0},"authorDisplayNameMap":{"GabrielValGuz":"Gabriel Valverde","cjuc":"Christopher Urritia","jeremyfloresbonilla":"Jeremy Flores","DominickRodriguezTrejos":"Dominick Rodriguez"}}
