{"authorDailyContributionsMap":{"Maikol Solís":[{"date":"2025-08-14T00:00:00","commitResults":[{"hash":"770d6820976158c337fe2cb4e627a1b9366d94e9","isMergeCommit":false,"messageTitle":"Initial commit","messageBody":"","fileTypesAndContributionMap":{"other":{"insertions":970,"deletions":0},"grupo-4":{"insertions":259,"deletions":0}}}]}]},"authorFileTypeContributionMap":{"Maikol Solís":{"grupo-4":259,"other":970}},"authorContributionVariance":{"Maikol Solís":48669.766},"authorDisplayNameMap":{"Maikol Solís":"Maikol Solís"}}
