{"authorDailyContributionsMap":{"Gabriel Valverde Guzman":[{"date":"2025-09-05T00:00:00","commitResults":[{"hash":"e8857aa021372f50728fd35391e102415def3b26","isMergeCommit":false,"messageTitle":"feat: se agrega la presentacion del sprint","messageBody":"","fileTypesAndContributionMap":{}},{"hash":"450b1903d87cf17661f7896dd744ce3e98276028","isMergeCommit":false,"messageTitle":"feat: se actualiza el dashboard para el proyecto","messageBody":"","fileTypesAndContributionMap":{"py":{"insertions":23,"deletions":14}}}]}],"pre-commit-ci[bot]":[{"date":"2025-08-19T00:00:00","commitResults":[{"hash":"8d97e0556a555cd4694a5a942c8030287ecb5f3b","isMergeCommit":false,"messageTitle":"chore(pre-commit): autoupdate hooks","messageBody":"updates:\n- [github.com/pre-commit/pre-commit-hooks: v5.0.0 → v6.0.0](https://github.com/pre-commit/pre-commit-hooks/compare/v5.0.0...v6.0.0)\n","fileTypesAndContributionMap":{"yaml":{"insertions":1,"deletions":1}}},{"hash":"d651d63c82e8acabe6a6bc43cc850d9f1f58023f","isMergeCommit":false,"messageTitle":"chore(pre-commit): autofix run","messageBody":"","fileTypesAndContributionMap":{"gitignore":{"insertions":2,"deletions":2}}}]},{"date":"2025-08-25T00:00:00","commitResults":[{"hash":"7d7ddc79592fe5c20b6029f56b1e818ca93109c9","isMergeCommit":false,"messageTitle":"chore(pre-commit): autoupdate hooks","messageBody":"updates:\n- [github.com/astral-sh/ruff-pre-commit: v0.12.9 → v0.12.10](https://github.com/astral-sh/ruff-pre-commit/compare/v0.12.9...v0.12.10)\n","fileTypesAndContributionMap":{"yaml":{"insertions":1,"deletions":1}}},{"hash":"1250411f014662e02f7ef1cf1226cbd019ac380a","isMergeCommit":false,"messageTitle":"chore(pre-commit): autofix run","messageBody":"","fileTypesAndContributionMap":{"txt":{"insertions":1,"deletions":1},"md":{"insertions":1,"deletions":1},"py":{"insertions":31,"deletions":32}}}]},{"date":"2025-09-05T00:00:00","commitResults":[{"hash":"7d634272604641210a65c8ea24425f4585900c86","isMergeCommit":false,"messageTitle":"chore(pre-commit): autofix run","messageBody":"","fileTypesAndContributionMap":{"md":{"insertions":2,"deletions":2}}},{"hash":"d25e787658e07bae00e64df53cb296e20cb9a7fb","isMergeCommit":false,"messageTitle":"chore(pre-commit): autofix run","messageBody":"","fileTypesAndContributionMap":{"py":{"insertions":10,"deletions":8}}}]},{"date":"2025-09-15T00:00:00","commitResults":[{"hash":"2a55c81cbc6ed9f8c1b3870bed6f370040af06ce","isMergeCommit":false,"messageTitle":"chore(pre-commit): autofix run","messageBody":"","fileTypesAndContributionMap":{"md":{"insertions":3,"deletions":3}}}]},{"date":"2025-09-19T00:00:00","commitResults":[{"hash":"70bb3737717393a61f2b198e25a9054d0a153663","isMergeCommit":false,"messageTitle":"chore(pre-commit): autoupdate hooks","messageBody":"updates:\n- [github.com/astral-sh/ruff-pre-commit: v0.12.10 → v0.13.0](https://github.com/astral-sh/ruff-pre-commit/compare/v0.12.10...v0.13.0)\n","fileTypesAndContributionMap":{"yaml":{"insertions":1,"deletions":1}}}]}],"Maikol Solís":[{"date":"2025-08-14T00:00:00","commitResults":[{"hash":"770d6820976158c337fe2cb4e627a1b9366d94e9","isMergeCommit":false,"messageTitle":"Initial commit","messageBody":"","fileTypesAndContributionMap":{"txt":{"insertions":1,"deletions":0},"other":{"insertions":1,"deletions":0},"gitignore":{"insertions":207,"deletions":0},"tex":{"insertions":0,"deletions":0},"md":{"insertions":903,"deletions":0},"csv":{"insertions":0,"deletions":0},"py":{"insertions":6,"deletions":0},"ipynb":{"insertions":21,"deletions":0},"toml":{"insertions":18,"deletions":0},"LICENSE":{"insertions":21,"deletions":0},"yaml":{"insertions":51,"deletions":0}}}]}],"Cristhofer Urrutia":[{"date":"2025-08-21T00:00:00","commitResults":[{"hash":"728e35ac2aa80547be31737a0236ea554ff3eeda","isMergeCommit":false,"messageTitle":"feat: se agrega clase de limpieza y carga de datos","messageBody":"","fileTypesAndContributionMap":{"csv":{"insertions":936,"deletions":0},"py":{"insertions":132,"deletions":1}}}]},{"date":"2025-09-04T00:00:00","commitResults":[{"hash":"f7a04d79b0fb4aa8b30d5b2b817616371e30582b","isMergeCommit":false,"messageTitle":"feat: agego clase de inferencia y main","messageBody":"","fileTypesAndContributionMap":{"csv":{"insertions":502,"deletions":1005},"py":{"insertions":112,"deletions":3}}},{"hash":"5d1032b11f62fd36c80ca373c528e9d3ee4e7795","isMergeCommit":false,"messageTitle":"feat: agrego clase para calculos de VaR y CVaR para rendimientos normales","messageBody":"","fileTypesAndContributionMap":{"py":{"insertions":70,"deletions":8}}}]}],"Dominick Rodriguez Trejos":[{"date":"2025-08-22T00:00:00","commitResults":[{"hash":"7d36db45c848ad3aaef5d55abb6b4e1c984bd615","isMergeCommit":false,"messageTitle":"docs: agrego pdf del planteamiento de la investigación","messageBody":"","fileTypesAndContributionMap":{}},{"hash":"170b5315d3d929f539e4abb7a3242575bcb737da","isMergeCommit":false,"messageTitle":"docs: agrego presentación del sprint1","messageBody":"","fileTypesAndContributionMap":{}}]}],"Gabriel Valverde":[{"date":"2025-08-22T00:00:00","commitResults":[{"hash":"510b8403f114689d61136e5bdcc180b4966e8607","isMergeCommit":false,"messageTitle":"feat: se corrigen detalles del dashboard de ejemplos","messageBody":"","fileTypesAndContributionMap":{"py":{"insertions":8,"deletions":7}}}]},{"date":"2025-09-05T00:00:00","commitResults":[{"hash":"f9670cd4c15a69831e804fc6738ba0bdbbd57e22","isMergeCommit":false,"messageTitle":"Se agrega el documento del reporte del segundo sprint","messageBody":"","fileTypesAndContributionMap":{}}]},{"date":"2025-09-19T00:00:00","commitResults":[{"hash":"1fa779f358b5eb5addd62f49dfc3f13ff064cff3","isMergeCommit":false,"messageTitle":"Add files via upload","messageBody":"Se agrega presentación del tercer sprint","fileTypesAndContributionMap":{}}]},{"date":"2025-10-03T00:00:00","commitResults":[{"hash":"2518030537c5ccd72efde413bae6d33eb2d8e90a","isMergeCommit":false,"messageTitle":"Se agrega la presentacion del sprint 4","messageBody":"","fileTypesAndContributionMap":{}}]}],"Gara":[{"date":"2025-08-21T00:00:00","commitResults":[{"hash":"352c66e067ee0b9ff2eeb7b74a73a29672b7199c","isMergeCommit":false,"messageTitle":"feat: se modifica la informacion del primer sprint","messageBody":"","fileTypesAndContributionMap":{"md":{"insertions":65,"deletions":68}}}]},{"date":"2025-08-22T00:00:00","commitResults":[{"hash":"473441aed679c8d0ad0829ce6448dd30d4e35b07","isMergeCommit":false,"messageTitle":"feat: se agrega el archivo base para el dashboard a realizar","messageBody":"","fileTypesAndContributionMap":{"py":{"insertions":29,"deletions":0}}},{"hash":"2aef709907cac47ab494866017250e1f58ae1e48","isMergeCommit":false,"messageTitle":"feat: se actualiza el documento del sprint actual","messageBody":"","fileTypesAndContributionMap":{"md":{"insertions":18,"deletions":17}}}]}],"Dominick Rodríguez Trejos":[{"date":"2025-08-21T00:00:00","commitResults":[{"hash":"1b265b0c8e7775a255ba24e44567c2392a8c28d1","isMergeCommit":false,"messageTitle":"recursos.txt","messageBody":"chore: se agregan más fuentes utiles","fileTypesAndContributionMap":{"txt":{"insertions":10,"deletions":0}}},{"hash":"3a38691427ca29b63fed65f4942a6d9076564931","isMergeCommit":false,"messageTitle":"chore: se agregan más fuentes utiles","messageBody":"","fileTypesAndContributionMap":{"txt":{"insertions":1,"deletions":1}}}]},{"date":"2025-08-23T00:00:00","commitResults":[{"hash":"7f76b093516ee21596f08e9e90974e9ba1668a01","isMergeCommit":false,"messageTitle":"chore: se actualiza el doc de reporte del sprint 1","messageBody":"","fileTypesAndContributionMap":{"md":{"insertions":9,"deletions":0}}},{"hash":"b8bb365546fd8f7cfd5a6909fd1f76604fd697ba","isMergeCommit":false,"messageTitle":"chore: actualizo doc de reporte del sprint q","messageBody":"","fileTypesAndContributionMap":{"md":{"insertions":2,"deletions":0}}}]},{"date":"2025-09-05T00:00:00","commitResults":[{"hash":"2e3c6928798bd492099eb29fb97632ca2cee28ef","isMergeCommit":false,"messageTitle":"chore: se actualiza el documento de reporte del sprint 2","messageBody":"","fileTypesAndContributionMap":{"md":{"insertions":113,"deletions":46}}},{"hash":"46f4ff066edf8a323fac1bff38be915e23d63751","isMergeCommit":false,"messageTitle":"feat: agrego presentación del sprint 2","messageBody":"","fileTypesAndContributionMap":{}},{"hash":"bf891c6096882b582afce4eee3c55947f0a2fb47","isMergeCommit":false,"messageTitle":"chore: finalizo el reporte del sprint 2","messageBody":"","fileTypesAndContributionMap":{"md":{"insertions":11,"deletions":9}}},{"hash":"29fe28f9bdc537d4a4fec6a7d2fdd6e9cd341a36","isMergeCommit":false,"messageTitle":"fix: se corrige una fecha que estaba incorrecta","messageBody":"Se corrige la fecha de la restrospectiva pues estaba incorrecta","fileTypesAndContributionMap":{"md":{"insertions":1,"deletions":1}}}]}],"jeremyfloresbonilla":[{"date":"2025-08-22T00:00:00","commitResults":[{"hash":"76be188c1e6bb00bce850a35cc3df1f1f2637315","isMergeCommit":false,"messageTitle":"feat: agrega funciones para graficar los rendimientos","messageBody":"","fileTypesAndContributionMap":{"csv":{"insertions":6289,"deletions":936},"py":{"insertions":36,"deletions":0}}},{"hash":"4cdfa1e9b059ba31ee24d7a2e1f1aa7117cb4b19","isMergeCommit":false,"messageTitle":"feat: Se agrego gráfica de ejemplo","messageBody":"","fileTypesAndContributionMap":{"csv":{"insertions":1005,"deletions":6289},"lock":{"insertions":1190,"deletions":0}}}]},{"date":"2025-08-23T00:00:00","commitResults":[{"hash":"42131eaf63128b07e7ee15b660f4f11056e140fa","isMergeCommit":false,"messageTitle":"Update sprint_1.md","messageBody":"","fileTypesAndContributionMap":{"md":{"insertions":3,"deletions":3}}}]},{"date":"2025-09-15T00:00:00","commitResults":[{"hash":"bfee894f26457f26b535e031a3cf825891064a15","isMergeCommit":false,"messageTitle":"Update sprint_3.md","messageBody":"","fileTypesAndContributionMap":{"md":{"insertions":29,"deletions":15}}}]},{"date":"2025-09-19T00:00:00","commitResults":[{"hash":"265ca8c4bf705bca6b772a2dccbe9103948c392f","isMergeCommit":false,"messageTitle":"Update sprint_3.md","messageBody":"","fileTypesAndContributionMap":{"md":{"insertions":78,"deletions":46}}},{"hash":"467d1b608e0067682b743bc2df8e435fb3bc76a4","isMergeCommit":false,"messageTitle":"Update sprint_3.md","messageBody":"","fileTypesAndContributionMap":{"md":{"insertions":2,"deletions":2}}}]}],"Dominick":[{"date":"2025-08-21T00:00:00","commitResults":[{"hash":"ad98dec506e0eb4f3f4199828e56c0360a66b9c5","isMergeCommit":false,"messageTitle":"chore: agrego una lista de recursos utiles","messageBody":"","fileTypesAndContributionMap":{"txt":{"insertions":6,"deletions":0}}}]}]},"authorFileTypeContributionMap":{"Gabriel Valverde Guzman":{"py":22},"pre-commit-ci[bot]":{"yaml":2,"py":11},"Maikol Solís":{"gitignore":207,"yaml":49,"other":1,"LICENSE":21,"md":749,"ipynb":21,"toml":18,"txt":1,"py":5},"Cristhofer Urrutia":{"csv":502,"py":304},"Dominick Rodriguez Trejos":{},"Gabriel Valverde":{"py":6},"Gara":{"md":47,"py":10},"Dominick Rodríguez Trejos":{"txt":10,"md":133},"jeremyfloresbonilla":{"md":98,"py":26,"lock":1190},"Dominick":{"txt":6}},"authorContributionVariance":{"Gabriel Valverde Guzman":24.882376,"pre-commit-ci[bot]":94.7561,"Maikol Solís":27453.16,"Cristhofer Urrutia":72051.38,"Dominick Rodriguez Trejos":0.0,"Gabriel Valverde":4.0895085,"Gara":390.11664,"Dominick Rodríguez Trejos":597.321,"jeremyfloresbonilla":4504221.5,"Dominick":0.6543199},"authorDisplayNameMap":{"Gabriel Valverde Guzman":"Gabriel Valverde Guzman","pre-commit-ci[bot]":"pre-commit-ci[bot]","Maikol Solís":"Maikol Solís","Cristhofer Urrutia":"Cristhofer Urrutia","Dominick Rodriguez Trejos":"Dominick Rodriguez Trejos","Gabriel Valverde":"Gabriel Valverde","Gara":"Gara","Dominick Rodríguez Trejos":"Dominick Rodríguez Trejos","jeremyfloresbonilla":"jeremyfloresbonilla","Dominick":"Dominick"}}
