{"authorDailyContributionsMap":{"GabrielValGuz":[],"cjuc":[],"jeremyfloresbonilla":[],"DominickRodriguezTrejos":[]},"authorFileTypeContributionMap":{"GabrielValGuz":{},"cjuc":{},"jeremyfloresbonilla":{},"DominickRodriguezTrejos":{}},"authorContributionVariance":{"GabrielValGuz":0.0,"cjuc":0.0,"jeremyfloresbonilla":0.0,"DominickRodriguezTrejos":0.0},"authorDisplayNameMap":{"GabrielValGuz":"Gabriel Valverde","cjuc":"Christopher Urritia","jeremyfloresbonilla":"Jeremy Flores","DominickRodriguezTrejos":"Dominick Rodriguez"}}
