{"authorDailyContributionsMap":{"pre-commit-ci[bot]":[{"date":"2025-08-19T00:00:00","commitResults":[{"hash":"8d97e0556a555cd4694a5a942c8030287ecb5f3b","isMergeCommit":false,"messageTitle":"chore(pre-commit): autoupdate hooks","messageBody":"updates:\n- [github.com/pre-commit/pre-commit-hooks: v5.0.0 → v6.0.0](https://github.com/pre-commit/pre-commit-hooks/compare/v5.0.0...v6.0.0)\n","fileTypesAndContributionMap":{"yaml":{"insertions":1,"deletions":1}}},{"hash":"d651d63c82e8acabe6a6bc43cc850d9f1f58023f","isMergeCommit":false,"messageTitle":"chore(pre-commit): autofix run","messageBody":"","fileTypesAndContributionMap":{"gitignore":{"insertions":2,"deletions":2}}}]}],"Cristhofer Urrutia":[{"date":"2025-08-21T00:00:00","commitResults":[{"hash":"728e35ac2aa80547be31737a0236ea554ff3eeda","isMergeCommit":false,"messageTitle":"feat: se agrega clase de limpieza y carga de datos","messageBody":"","fileTypesAndContributionMap":{"csv":{"insertions":936,"deletions":0},"py":{"insertions":132,"deletions":1}}}]}],"Gara":[{"date":"2025-08-21T00:00:00","commitResults":[{"hash":"352c66e067ee0b9ff2eeb7b74a73a29672b7199c","isMergeCommit":false,"messageTitle":"feat: se modifica la informacion del primer sprint","messageBody":"","fileTypesAndContributionMap":{"md":{"insertions":65,"deletions":68}}}]}],"Dominick":[{"date":"2025-08-21T00:00:00","commitResults":[{"hash":"ad98dec506e0eb4f3f4199828e56c0360a66b9c5","isMergeCommit":false,"messageTitle":"chore: agrego una lista de recursos utiles","messageBody":"","fileTypesAndContributionMap":{"txt":{"insertions":6,"deletions":0}}}]}]},"authorFileTypeContributionMap":{"pre-commit-ci[bot]":{"yaml":1},"Cristhofer Urrutia":{"csv":936,"py":132},"Gara":{"md":33},"Dominick":{"txt":6}},"authorContributionVariance":{"pre-commit-ci[bot]":2.9752066,"Cristhofer Urrutia":94443.055,"Gara":1461.9008,"Dominick":2.9752066},"authorDisplayNameMap":{"pre-commit-ci[bot]":"pre-commit-ci[bot]","Cristhofer Urrutia":"Cristhofer Urrutia","Gara":"Gara","Dominick":"Dominick"}}
