{"authorDailyContributionsMap":{"GabrielValGuz":[{"date":"2025-08-21T00:00:00","commitResults":[{"hash":"352c66e067ee0b9ff2eeb7b74a73a29672b7199c","isMergeCommit":false,"messageTitle":"feat: se modifica la informacion del primer sprint","messageBody":"","fileTypesAndContributionMap":{"md":{"insertions":65,"deletions":68}}}]},{"date":"2025-08-22T00:00:00","commitResults":[{"hash":"473441aed679c8d0ad0829ce6448dd30d4e35b07","isMergeCommit":false,"messageTitle":"feat: se agrega el archivo base para el dashboard a realizar","messageBody":"","fileTypesAndContributionMap":{"py":{"insertions":29,"deletions":0}}},{"hash":"2aef709907cac47ab494866017250e1f58ae1e48","isMergeCommit":false,"messageTitle":"feat: se actualiza el documento del sprint actual","messageBody":"","fileTypesAndContributionMap":{"md":{"insertions":18,"deletions":17}}},{"hash":"510b8403f114689d61136e5bdcc180b4966e8607","isMergeCommit":false,"messageTitle":"feat: se corrigen detalles del dashboard de ejemplos","messageBody":"","fileTypesAndContributionMap":{"py":{"insertions":8,"deletions":7}}}]}],"cjuc":[{"date":"2025-08-21T00:00:00","commitResults":[{"hash":"728e35ac2aa80547be31737a0236ea554ff3eeda","isMergeCommit":false,"messageTitle":"feat: se agrega clase de limpieza y carga de datos","messageBody":"","fileTypesAndContributionMap":{"csv":{"insertions":936,"deletions":0},"py":{"insertions":132,"deletions":1}}}]}],"jeremyfloresbonilla":[{"date":"2025-08-22T00:00:00","commitResults":[{"hash":"76be188c1e6bb00bce850a35cc3df1f1f2637315","isMergeCommit":false,"messageTitle":"feat: agrega funciones para graficar los rendimientos","messageBody":"","fileTypesAndContributionMap":{"csv":{"insertions":6289,"deletions":936},"py":{"insertions":36,"deletions":0}}},{"hash":"4cdfa1e9b059ba31ee24d7a2e1f1aa7117cb4b19","isMergeCommit":false,"messageTitle":"feat: Se agrego gráfica de ejemplo","messageBody":"","fileTypesAndContributionMap":{"csv":{"insertions":1005,"deletions":6289},"lock":{"insertions":1190,"deletions":0}}}]},{"date":"2025-08-23T00:00:00","commitResults":[{"hash":"42131eaf63128b07e7ee15b660f4f11056e140fa","isMergeCommit":false,"messageTitle":"Update sprint_1.md","messageBody":"","fileTypesAndContributionMap":{"md":{"insertions":3,"deletions":3}}}]}],"DominickRodriguezTrejos":[{"date":"2025-08-21T00:00:00","commitResults":[{"hash":"1b265b0c8e7775a255ba24e44567c2392a8c28d1","isMergeCommit":false,"messageTitle":"recursos.txt","messageBody":"chore: se agregan más fuentes utiles","fileTypesAndContributionMap":{"txt":{"insertions":10,"deletions":0}}},{"hash":"3a38691427ca29b63fed65f4942a6d9076564931","isMergeCommit":false,"messageTitle":"chore: se agregan más fuentes utiles","messageBody":"","fileTypesAndContributionMap":{"txt":{"insertions":1,"deletions":1}}}]},{"date":"2025-08-23T00:00:00","commitResults":[{"hash":"7f76b093516ee21596f08e9e90974e9ba1668a01","isMergeCommit":false,"messageTitle":"chore: se actualiza el doc de reporte del sprint 1","messageBody":"","fileTypesAndContributionMap":{"md":{"insertions":9,"deletions":0}}},{"hash":"b8bb365546fd8f7cfd5a6909fd1f76604fd697ba","isMergeCommit":false,"messageTitle":"chore: actualizo doc de reporte del sprint q","messageBody":"","fileTypesAndContributionMap":{"md":{"insertions":2,"deletions":0}}}]}]},"authorFileTypeContributionMap":{"GabrielValGuz":{"md":47,"py":30},"cjuc":{"py":132},"jeremyfloresbonilla":{"md":3,"csv":1005,"py":36,"lock":1190},"DominickRodriguezTrejos":{"txt":10,"md":11}},"authorContributionVariance":{"GabrielValGuz":1574.8284,"cjuc":81142.79,"jeremyfloresbonilla":1.7601608E7,"DominickRodriguezTrejos":17.254436},"authorDisplayNameMap":{"GabrielValGuz":"Gabriel Valverde","cjuc":"Christopher Urritia","jeremyfloresbonilla":"Jeremy Flores","DominickRodriguezTrejos":"Dominick Rodriguez"}}
