{"authorDailyContributionsMap":{"GabrielValGuz":[{"date":"2025-08-21T00:00:00","commitResults":[{"hash":"352c66e067ee0b9ff2eeb7b74a73a29672b7199c","isMergeCommit":false,"messageTitle":"feat: se modifica la informacion del primer sprint","messageBody":"","fileTypesAndContributionMap":{"md":{"insertions":65,"deletions":68}}}]},{"date":"2025-08-22T00:00:00","commitResults":[{"hash":"473441aed679c8d0ad0829ce6448dd30d4e35b07","isMergeCommit":false,"messageTitle":"feat: se agrega el archivo base para el dashboard a realizar","messageBody":"","fileTypesAndContributionMap":{"py":{"insertions":29,"deletions":0}}},{"hash":"2aef709907cac47ab494866017250e1f58ae1e48","isMergeCommit":false,"messageTitle":"feat: se actualiza el documento del sprint actual","messageBody":"","fileTypesAndContributionMap":{"md":{"insertions":18,"deletions":17}}},{"hash":"510b8403f114689d61136e5bdcc180b4966e8607","isMergeCommit":false,"messageTitle":"feat: se corrigen detalles del dashboard de ejemplos","messageBody":"","fileTypesAndContributionMap":{"py":{"insertions":8,"deletions":7}}}]},{"date":"2025-09-05T00:00:00","commitResults":[{"hash":"f9670cd4c15a69831e804fc6738ba0bdbbd57e22","isMergeCommit":false,"messageTitle":"Se agrega el documento del reporte del segundo sprint","messageBody":"","fileTypesAndContributionMap":{}}]},{"date":"2025-09-19T00:00:00","commitResults":[{"hash":"1fa779f358b5eb5addd62f49dfc3f13ff064cff3","isMergeCommit":false,"messageTitle":"Add files via upload","messageBody":"Se agrega presentación del tercer sprint","fileTypesAndContributionMap":{}}]}],"cjuc":[{"date":"2025-08-21T00:00:00","commitResults":[{"hash":"728e35ac2aa80547be31737a0236ea554ff3eeda","isMergeCommit":false,"messageTitle":"feat: se agrega clase de limpieza y carga de datos","messageBody":"","fileTypesAndContributionMap":{"csv":{"insertions":936,"deletions":0},"py":{"insertions":132,"deletions":1}}}]},{"date":"2025-09-04T00:00:00","commitResults":[{"hash":"f7a04d79b0fb4aa8b30d5b2b817616371e30582b","isMergeCommit":false,"messageTitle":"feat: agego clase de inferencia y main","messageBody":"","fileTypesAndContributionMap":{"csv":{"insertions":502,"deletions":1005},"py":{"insertions":112,"deletions":3}}},{"hash":"5d1032b11f62fd36c80ca373c528e9d3ee4e7795","isMergeCommit":false,"messageTitle":"feat: agrego clase para calculos de VaR y CVaR para rendimientos normales","messageBody":"","fileTypesAndContributionMap":{"py":{"insertions":70,"deletions":8}}}]}],"jeremyfloresbonilla":[{"date":"2025-08-22T00:00:00","commitResults":[{"hash":"76be188c1e6bb00bce850a35cc3df1f1f2637315","isMergeCommit":false,"messageTitle":"feat: agrega funciones para graficar los rendimientos","messageBody":"","fileTypesAndContributionMap":{"csv":{"insertions":6289,"deletions":936},"py":{"insertions":36,"deletions":0}}},{"hash":"4cdfa1e9b059ba31ee24d7a2e1f1aa7117cb4b19","isMergeCommit":false,"messageTitle":"feat: Se agrego gráfica de ejemplo","messageBody":"","fileTypesAndContributionMap":{"csv":{"insertions":1005,"deletions":6289},"lock":{"insertions":1190,"deletions":0}}}]},{"date":"2025-08-23T00:00:00","commitResults":[{"hash":"42131eaf63128b07e7ee15b660f4f11056e140fa","isMergeCommit":false,"messageTitle":"Update sprint_1.md","messageBody":"","fileTypesAndContributionMap":{"md":{"insertions":3,"deletions":3}}}]},{"date":"2025-09-15T00:00:00","commitResults":[{"hash":"bfee894f26457f26b535e031a3cf825891064a15","isMergeCommit":false,"messageTitle":"Update sprint_3.md","messageBody":"","fileTypesAndContributionMap":{"md":{"insertions":29,"deletions":15}}}]},{"date":"2025-09-19T00:00:00","commitResults":[{"hash":"265ca8c4bf705bca6b772a2dccbe9103948c392f","isMergeCommit":false,"messageTitle":"Update sprint_3.md","messageBody":"","fileTypesAndContributionMap":{"md":{"insertions":78,"deletions":46}}},{"hash":"467d1b608e0067682b743bc2df8e435fb3bc76a4","isMergeCommit":false,"messageTitle":"Update sprint_3.md","messageBody":"","fileTypesAndContributionMap":{"md":{"insertions":2,"deletions":2}}}]}],"DominickRodriguezTrejos":[{"date":"2025-08-21T00:00:00","commitResults":[{"hash":"1b265b0c8e7775a255ba24e44567c2392a8c28d1","isMergeCommit":false,"messageTitle":"recursos.txt","messageBody":"chore: se agregan más fuentes utiles","fileTypesAndContributionMap":{"txt":{"insertions":10,"deletions":0}}},{"hash":"3a38691427ca29b63fed65f4942a6d9076564931","isMergeCommit":false,"messageTitle":"chore: se agregan más fuentes utiles","messageBody":"","fileTypesAndContributionMap":{"txt":{"insertions":1,"deletions":1}}}]},{"date":"2025-08-23T00:00:00","commitResults":[{"hash":"7f76b093516ee21596f08e9e90974e9ba1668a01","isMergeCommit":false,"messageTitle":"chore: se actualiza el doc de reporte del sprint 1","messageBody":"","fileTypesAndContributionMap":{"md":{"insertions":9,"deletions":0}}},{"hash":"b8bb365546fd8f7cfd5a6909fd1f76604fd697ba","isMergeCommit":false,"messageTitle":"chore: actualizo doc de reporte del sprint q","messageBody":"","fileTypesAndContributionMap":{"md":{"insertions":2,"deletions":0}}}]},{"date":"2025-09-05T00:00:00","commitResults":[{"hash":"2e3c6928798bd492099eb29fb97632ca2cee28ef","isMergeCommit":false,"messageTitle":"chore: se actualiza el documento de reporte del sprint 2","messageBody":"","fileTypesAndContributionMap":{"md":{"insertions":113,"deletions":46}}},{"hash":"46f4ff066edf8a323fac1bff38be915e23d63751","isMergeCommit":false,"messageTitle":"feat: agrego presentación del sprint 2","messageBody":"","fileTypesAndContributionMap":{}},{"hash":"bf891c6096882b582afce4eee3c55947f0a2fb47","isMergeCommit":false,"messageTitle":"chore: finalizo el reporte del sprint 2","messageBody":"","fileTypesAndContributionMap":{"md":{"insertions":11,"deletions":9}}},{"hash":"29fe28f9bdc537d4a4fec6a7d2fdd6e9cd341a36","isMergeCommit":false,"messageTitle":"fix: se corrige una fecha que estaba incorrecta","messageBody":"Se corrige la fecha de la restrospectiva pues estaba incorrecta","fileTypesAndContributionMap":{"md":{"insertions":1,"deletions":1}}}]}]},"authorFileTypeContributionMap":{"GabrielValGuz":{"md":47,"py":16},"cjuc":{"csv":502,"py":304},"jeremyfloresbonilla":{"md":98,"py":26,"lock":1190},"DominickRodriguezTrejos":{"txt":10,"md":133}},"authorContributionVariance":{"GabrielValGuz":570.15985,"cjuc":96026.9,"jeremyfloresbonilla":6039621.0,"DominickRodriguezTrejos":799.63983},"authorDisplayNameMap":{"GabrielValGuz":"Gabriel Valverde","cjuc":"Christopher Urritia","jeremyfloresbonilla":"Jeremy Flores","DominickRodriguezTrejos":"Dominick Rodriguez"}}
