{"repoSenseVersion":"524076bfc5","reportGeneratedTime":"Sat, 16 Aug 2025 13:11:59 UTC","reportGenerationTime":" 6.85 second(s)","zoneId":"Etc/UTC","reportTitle":"RepoSense Report","repos":[{"location":{"location":"https://github.com/reposense/RepoSense.git","repoName":"RepoSense","organization":"reposense","domainName":"github"},"branch":"master","displayName":"reposense/RepoSense[master]","outputFolderName":"reposense_RepoSense_master","sinceDate":"2025-07-16T00:00:00","untilDate":"2025-08-16T23:59:59"}],"errorSet":[{"repoName":"CA0307-II-2025/grupo-3[main]","errorMessage":"Failed to clone from git@github.com:CA0307-II-2025/grupo-3.git"},{"repoName":"CA0307-II-2025/grupo-1[main]","errorMessage":"Failed to clone from git@github.com:CA0307-II-2025/grupo-1.git"},{"repoName":"CA0307-II-2025/grupo-2[main]","errorMessage":"Failed to clone from git@github.com:CA0307-II-2025/grupo-2.git"},{"repoName":"CA0307-II-2025/grupo-4[main]","errorMessage":"Failed to clone from git@github.com:CA0307-II-2025/grupo-4.git"}],"sinceDate":"2025-07-16T00:00:00","untilDate":"2025-08-16T23:59:59","isSinceDateProvided":false,"isUntilDateProvided":false,"supportedDomainUrlMap":{"NOT_RECOGNIZED":{"BRANCH":"","REPO_URL":"UNSUPPORTED","BASE_URL":"UNSUPPORTED","HISTORY_PATH":"","COMMIT_PATH":"","BLAME_PATH":""},"github":{"BRANCH":"tree/$BRANCH","REPO_URL":"https://github.com/$ORGANIZATION/$REPO_NAME/","BASE_URL":"https://github.com/","HISTORY_PATH":"commits/$BRANCH/$FILE_PATH","COMMIT_PATH":"commit/$COMMIT_HASH","BLAME_PATH":"blame/$BRANCH/$FILE_PATH"}},"isAuthorshipAnalyzed":false,"repoBlurbs":{"blurbMap":{}},"authorBlurbs":{"blurbMap":{}},"chartBlurbs":{"blurbMap":{}},"isPortfolio":false}
