{"repoSenseVersion":"524076bfc5","reportGeneratedTime":"Sat, 23 Aug 2025 00:54:35 UTC","reportGenerationTime":" 1 minute(s) 15.62 second(s)","zoneId":"Etc/UTC","reportTitle":"RepoSense Report","repos":[{"location":{"location":"https://github.com/CA0307-II-2025/grupo-1.git","repoName":"grupo-1","organization":"CA0307-II-2025","domainName":"github"},"branch":"main","displayName":"CA0307-II-2025/grupo-1[main]","outputFolderName":"CA0307-II-2025_grupo-1_main","sinceDate":"2025-08-11T00:00:00","untilDate":"2025-08-23T23:59:59"},{"location":{"location":"https://github.com/CA0307-II-2025/grupo-2.git","repoName":"grupo-2","organization":"CA0307-II-2025","domainName":"github"},"branch":"main","displayName":"CA0307-II-2025/grupo-2[main]","outputFolderName":"CA0307-II-2025_grupo-2_main","sinceDate":"2025-08-11T00:00:00","untilDate":"2025-08-23T23:59:59"},{"location":{"location":"https://github.com/CA0307-II-2025/grupo-3.git","repoName":"grupo-3","organization":"CA0307-II-2025","domainName":"github"},"branch":"main","displayName":"CA0307-II-2025/grupo-3[main]","outputFolderName":"CA0307-II-2025_grupo-3_main","sinceDate":"2025-08-11T00:00:00","untilDate":"2025-08-23T23:59:59"},{"location":{"location":"https://github.com/CA0307-II-2025/grupo-4.git","repoName":"grupo-4","organization":"CA0307-II-2025","domainName":"github"},"branch":"main","displayName":"CA0307-II-2025/grupo-4[main]","outputFolderName":"CA0307-II-2025_grupo-4_main","sinceDate":"2025-08-11T00:00:00","untilDate":"2025-08-23T23:59:59"}],"errorSet":[],"sinceDate":"2025-08-11T00:00:00","untilDate":"2025-08-23T23:59:59","isSinceDateProvided":true,"isUntilDateProvided":true,"supportedDomainUrlMap":{"NOT_RECOGNIZED":{"BRANCH":"","REPO_URL":"UNSUPPORTED","BASE_URL":"UNSUPPORTED","HISTORY_PATH":"","COMMIT_PATH":"","BLAME_PATH":""},"github":{"BRANCH":"tree/$BRANCH","REPO_URL":"https://github.com/$ORGANIZATION/$REPO_NAME/","BASE_URL":"https://github.com/","HISTORY_PATH":"commits/$BRANCH/$FILE_PATH","COMMIT_PATH":"commit/$COMMIT_HASH","BLAME_PATH":"blame/$BRANCH/$FILE_PATH"}},"isAuthorshipAnalyzed":true,"repoBlurbs":{"blurbMap":{}},"authorBlurbs":{"blurbMap":{}},"chartBlurbs":{"blurbMap":{}},"isPortfolio":false}
