[{"path":".gitignore","fileType":"gitignore","lines":[{"lineNumber":1,"author":{"gitId":"-"},"content":"# Byte-compiled / optimized / DLL files","isFullCredit":false},{"lineNumber":2,"author":{"gitId":"-"},"content":"__pycache__/","isFullCredit":false},{"lineNumber":3,"author":{"gitId":"-"},"content":"*.py[codz]","isFullCredit":false},{"lineNumber":4,"author":{"gitId":"-"},"content":"*$py.class","isFullCredit":false},{"lineNumber":5,"author":{"gitId":"-"},"content":"","isFullCredit":false},{"lineNumber":6,"author":{"gitId":"-"},"content":"# C extensions","isFullCredit":false},{"lineNumber":7,"author":{"gitId":"-"},"content":"*.so","isFullCredit":false},{"lineNumber":8,"author":{"gitId":"-"},"content":"","isFullCredit":false},{"lineNumber":9,"author":{"gitId":"-"},"content":"# Distribution / packaging","isFullCredit":false},{"lineNumber":10,"author":{"gitId":"-"},"content":".Python","isFullCredit":false},{"lineNumber":11,"author":{"gitId":"-"},"content":"build/","isFullCredit":false},{"lineNumber":12,"author":{"gitId":"-"},"content":"develop-eggs/","isFullCredit":false},{"lineNumber":13,"author":{"gitId":"-"},"content":"dist/","isFullCredit":false},{"lineNumber":14,"author":{"gitId":"-"},"content":"downloads/","isFullCredit":false},{"lineNumber":15,"author":{"gitId":"-"},"content":"eggs/","isFullCredit":false},{"lineNumber":16,"author":{"gitId":"-"},"content":".eggs/","isFullCredit":false},{"lineNumber":17,"author":{"gitId":"-"},"content":"lib/","isFullCredit":false},{"lineNumber":18,"author":{"gitId":"-"},"content":"lib64/","isFullCredit":false},{"lineNumber":19,"author":{"gitId":"-"},"content":"parts/","isFullCredit":false},{"lineNumber":20,"author":{"gitId":"-"},"content":"sdist/","isFullCredit":false},{"lineNumber":21,"author":{"gitId":"-"},"content":"var/","isFullCredit":false},{"lineNumber":22,"author":{"gitId":"-"},"content":"wheels/","isFullCredit":false},{"lineNumber":23,"author":{"gitId":"-"},"content":"share/python-wheels/","isFullCredit":false},{"lineNumber":24,"author":{"gitId":"-"},"content":"*.egg-info/","isFullCredit":false},{"lineNumber":25,"author":{"gitId":"-"},"content":".installed.cfg","isFullCredit":false},{"lineNumber":26,"author":{"gitId":"-"},"content":"*.egg","isFullCredit":false},{"lineNumber":27,"author":{"gitId":"-"},"content":"MANIFEST","isFullCredit":false},{"lineNumber":28,"author":{"gitId":"-"},"content":"","isFullCredit":false},{"lineNumber":29,"author":{"gitId":"-"},"content":"# PyInstaller","isFullCredit":false},{"lineNumber":30,"author":{"gitId":"-"},"content":"#  Usually these files are written by a python script from a template","isFullCredit":false},{"lineNumber":31,"author":{"gitId":"-"},"content":"#  before PyInstaller builds the exe, so as to inject date/other infos into it.","isFullCredit":false},{"lineNumber":32,"author":{"gitId":"-"},"content":"*.manifest","isFullCredit":false},{"lineNumber":33,"author":{"gitId":"-"},"content":"*.spec","isFullCredit":false},{"lineNumber":34,"author":{"gitId":"-"},"content":"","isFullCredit":false},{"lineNumber":35,"author":{"gitId":"-"},"content":"# Installer logs","isFullCredit":false},{"lineNumber":36,"author":{"gitId":"-"},"content":"pip-log.txt","isFullCredit":false},{"lineNumber":37,"author":{"gitId":"-"},"content":"pip-delete-this-directory.txt","isFullCredit":false},{"lineNumber":38,"author":{"gitId":"-"},"content":"","isFullCredit":false},{"lineNumber":39,"author":{"gitId":"-"},"content":"# Unit test / coverage reports","isFullCredit":false},{"lineNumber":40,"author":{"gitId":"-"},"content":"htmlcov/","isFullCredit":false},{"lineNumber":41,"author":{"gitId":"-"},"content":".tox/","isFullCredit":false},{"lineNumber":42,"author":{"gitId":"-"},"content":".nox/","isFullCredit":false},{"lineNumber":43,"author":{"gitId":"-"},"content":".coverage","isFullCredit":false},{"lineNumber":44,"author":{"gitId":"-"},"content":".coverage.*","isFullCredit":false},{"lineNumber":45,"author":{"gitId":"-"},"content":".cache","isFullCredit":false},{"lineNumber":46,"author":{"gitId":"-"},"content":"nosetests.xml","isFullCredit":false},{"lineNumber":47,"author":{"gitId":"-"},"content":"coverage.xml","isFullCredit":false},{"lineNumber":48,"author":{"gitId":"-"},"content":"*.cover","isFullCredit":false},{"lineNumber":49,"author":{"gitId":"-"},"content":"*.py.cover","isFullCredit":false},{"lineNumber":50,"author":{"gitId":"-"},"content":".hypothesis/","isFullCredit":false},{"lineNumber":51,"author":{"gitId":"-"},"content":".pytest_cache/","isFullCredit":false},{"lineNumber":52,"author":{"gitId":"-"},"content":"cover/","isFullCredit":false},{"lineNumber":53,"author":{"gitId":"-"},"content":"","isFullCredit":false},{"lineNumber":54,"author":{"gitId":"-"},"content":"# Translations","isFullCredit":false},{"lineNumber":55,"author":{"gitId":"-"},"content":"*.mo","isFullCredit":false},{"lineNumber":56,"author":{"gitId":"-"},"content":"*.pot","isFullCredit":false},{"lineNumber":57,"author":{"gitId":"-"},"content":"","isFullCredit":false},{"lineNumber":58,"author":{"gitId":"-"},"content":"# Django stuff:","isFullCredit":false},{"lineNumber":59,"author":{"gitId":"-"},"content":"*.log","isFullCredit":false},{"lineNumber":60,"author":{"gitId":"-"},"content":"local_settings.py","isFullCredit":false},{"lineNumber":61,"author":{"gitId":"-"},"content":"db.sqlite3","isFullCredit":false},{"lineNumber":62,"author":{"gitId":"-"},"content":"db.sqlite3-journal","isFullCredit":false},{"lineNumber":63,"author":{"gitId":"-"},"content":"","isFullCredit":false},{"lineNumber":64,"author":{"gitId":"-"},"content":"# Flask stuff:","isFullCredit":false},{"lineNumber":65,"author":{"gitId":"-"},"content":"instance/","isFullCredit":false},{"lineNumber":66,"author":{"gitId":"-"},"content":".webassets-cache","isFullCredit":false},{"lineNumber":67,"author":{"gitId":"-"},"content":"","isFullCredit":false},{"lineNumber":68,"author":{"gitId":"-"},"content":"# Scrapy stuff:","isFullCredit":false},{"lineNumber":69,"author":{"gitId":"-"},"content":".scrapy","isFullCredit":false},{"lineNumber":70,"author":{"gitId":"-"},"content":"","isFullCredit":false},{"lineNumber":71,"author":{"gitId":"-"},"content":"# Sphinx documentation","isFullCredit":false},{"lineNumber":72,"author":{"gitId":"-"},"content":"docs/_build/","isFullCredit":false},{"lineNumber":73,"author":{"gitId":"-"},"content":"","isFullCredit":false},{"lineNumber":74,"author":{"gitId":"-"},"content":"# PyBuilder","isFullCredit":false},{"lineNumber":75,"author":{"gitId":"-"},"content":".pybuilder/","isFullCredit":false},{"lineNumber":76,"author":{"gitId":"-"},"content":"target/","isFullCredit":false},{"lineNumber":77,"author":{"gitId":"-"},"content":"","isFullCredit":false},{"lineNumber":78,"author":{"gitId":"-"},"content":"# Jupyter Notebook","isFullCredit":false},{"lineNumber":79,"author":{"gitId":"-"},"content":".ipynb_checkpoints","isFullCredit":false},{"lineNumber":80,"author":{"gitId":"-"},"content":"","isFullCredit":false},{"lineNumber":81,"author":{"gitId":"-"},"content":"# IPython","isFullCredit":false},{"lineNumber":82,"author":{"gitId":"-"},"content":"profile_default/","isFullCredit":false},{"lineNumber":83,"author":{"gitId":"-"},"content":"ipython_config.py","isFullCredit":false},{"lineNumber":84,"author":{"gitId":"-"},"content":"","isFullCredit":false},{"lineNumber":85,"author":{"gitId":"-"},"content":"# pyenv","isFullCredit":false},{"lineNumber":86,"author":{"gitId":"-"},"content":"#   For a library or package, you might want to ignore these files since the code is","isFullCredit":false},{"lineNumber":87,"author":{"gitId":"-"},"content":"#   intended to run in multiple environments; otherwise, check them in:","isFullCredit":false},{"lineNumber":88,"author":{"gitId":"-"},"content":"# .python-version","isFullCredit":false},{"lineNumber":89,"author":{"gitId":"-"},"content":"","isFullCredit":false},{"lineNumber":90,"author":{"gitId":"-"},"content":"# pipenv","isFullCredit":false},{"lineNumber":91,"author":{"gitId":"-"},"content":"#   According to pypa/pipenv#598, it is recommended to include Pipfile.lock in version control.","isFullCredit":false},{"lineNumber":92,"author":{"gitId":"-"},"content":"#   However, in case of collaboration, if having platform-specific dependencies or dependencies","isFullCredit":false},{"lineNumber":93,"author":{"gitId":"-"},"content":"#   having no cross-platform support, pipenv may install dependencies that don\u0027t work, or not","isFullCredit":false},{"lineNumber":94,"author":{"gitId":"-"},"content":"#   install all needed dependencies.","isFullCredit":false},{"lineNumber":95,"author":{"gitId":"-"},"content":"#Pipfile.lock","isFullCredit":false},{"lineNumber":96,"author":{"gitId":"-"},"content":"","isFullCredit":false},{"lineNumber":97,"author":{"gitId":"-"},"content":"# UV","isFullCredit":false},{"lineNumber":98,"author":{"gitId":"-"},"content":"#   Similar to Pipfile.lock, it is generally recommended to include uv.lock in version control.","isFullCredit":false},{"lineNumber":99,"author":{"gitId":"-"},"content":"#   This is especially recommended for binary packages to ensure reproducibility, and is more","isFullCredit":false},{"lineNumber":100,"author":{"gitId":"-"},"content":"#   commonly ignored for libraries.","isFullCredit":false},{"lineNumber":101,"author":{"gitId":"-"},"content":"#uv.lock","isFullCredit":false},{"lineNumber":102,"author":{"gitId":"-"},"content":"","isFullCredit":false},{"lineNumber":103,"author":{"gitId":"-"},"content":"# poetry","isFullCredit":false},{"lineNumber":104,"author":{"gitId":"-"},"content":"#   Similar to Pipfile.lock, it is generally recommended to include poetry.lock in version control.","isFullCredit":false},{"lineNumber":105,"author":{"gitId":"-"},"content":"#   This is especially recommended for binary packages to ensure reproducibility, and is more","isFullCredit":false},{"lineNumber":106,"author":{"gitId":"-"},"content":"#   commonly ignored for libraries.","isFullCredit":false},{"lineNumber":107,"author":{"gitId":"-"},"content":"#   https://python-poetry.org/docs/basic-usage/#commit-your-poetrylock-file-to-version-control","isFullCredit":false},{"lineNumber":108,"author":{"gitId":"-"},"content":"#poetry.lock","isFullCredit":false},{"lineNumber":109,"author":{"gitId":"-"},"content":"#poetry.toml","isFullCredit":false},{"lineNumber":110,"author":{"gitId":"-"},"content":"","isFullCredit":false},{"lineNumber":111,"author":{"gitId":"-"},"content":"# pdm","isFullCredit":false},{"lineNumber":112,"author":{"gitId":"-"},"content":"#   Similar to Pipfile.lock, it is generally recommended to include pdm.lock in version control.","isFullCredit":false},{"lineNumber":113,"author":{"gitId":"-"},"content":"#   pdm recommends including project-wide configuration in pdm.toml, but excluding .pdm-python.","isFullCredit":false},{"lineNumber":114,"author":{"gitId":"-"},"content":"#   https://pdm-project.org/en/latest/usage/project/#working-with-version-control","isFullCredit":false},{"lineNumber":115,"author":{"gitId":"-"},"content":"#pdm.lock","isFullCredit":false},{"lineNumber":116,"author":{"gitId":"-"},"content":"#pdm.toml","isFullCredit":false},{"lineNumber":117,"author":{"gitId":"-"},"content":".pdm-python","isFullCredit":false},{"lineNumber":118,"author":{"gitId":"-"},"content":".pdm-build/","isFullCredit":false},{"lineNumber":119,"author":{"gitId":"-"},"content":"","isFullCredit":false},{"lineNumber":120,"author":{"gitId":"-"},"content":"# pixi","isFullCredit":false},{"lineNumber":121,"author":{"gitId":"-"},"content":"#   Similar to Pipfile.lock, it is generally recommended to include pixi.lock in version control.","isFullCredit":false},{"lineNumber":122,"author":{"gitId":"-"},"content":"#pixi.lock","isFullCredit":false},{"lineNumber":123,"author":{"gitId":"-"},"content":"#   Pixi creates a virtual environment in the .pixi directory, just like venv module creates one","isFullCredit":false},{"lineNumber":124,"author":{"gitId":"-"},"content":"#   in the .venv directory. It is recommended not to include this directory in version control.","isFullCredit":false},{"lineNumber":125,"author":{"gitId":"-"},"content":".pixi","isFullCredit":false},{"lineNumber":126,"author":{"gitId":"-"},"content":"","isFullCredit":false},{"lineNumber":127,"author":{"gitId":"-"},"content":"# PEP 582; used by e.g. github.com/David-OConnor/pyflow and github.com/pdm-project/pdm","isFullCredit":false},{"lineNumber":128,"author":{"gitId":"-"},"content":"__pypackages__/","isFullCredit":false},{"lineNumber":129,"author":{"gitId":"-"},"content":"","isFullCredit":false},{"lineNumber":130,"author":{"gitId":"-"},"content":"# Celery stuff","isFullCredit":false},{"lineNumber":131,"author":{"gitId":"-"},"content":"celerybeat-schedule","isFullCredit":false},{"lineNumber":132,"author":{"gitId":"-"},"content":"celerybeat.pid","isFullCredit":false},{"lineNumber":133,"author":{"gitId":"-"},"content":"","isFullCredit":false},{"lineNumber":134,"author":{"gitId":"-"},"content":"# SageMath parsed files","isFullCredit":false},{"lineNumber":135,"author":{"gitId":"-"},"content":"*.sage.py","isFullCredit":false},{"lineNumber":136,"author":{"gitId":"-"},"content":"","isFullCredit":false},{"lineNumber":137,"author":{"gitId":"-"},"content":"# Environments","isFullCredit":false},{"lineNumber":138,"author":{"gitId":"-"},"content":".env","isFullCredit":false},{"lineNumber":139,"author":{"gitId":"-"},"content":".envrc","isFullCredit":false},{"lineNumber":140,"author":{"gitId":"-"},"content":".venv","isFullCredit":false},{"lineNumber":141,"author":{"gitId":"-"},"content":"env/","isFullCredit":false},{"lineNumber":142,"author":{"gitId":"-"},"content":"venv/","isFullCredit":false},{"lineNumber":143,"author":{"gitId":"-"},"content":"ENV/","isFullCredit":false},{"lineNumber":144,"author":{"gitId":"-"},"content":"env.bak/","isFullCredit":false},{"lineNumber":145,"author":{"gitId":"-"},"content":"venv.bak/","isFullCredit":false},{"lineNumber":146,"author":{"gitId":"-"},"content":"","isFullCredit":false},{"lineNumber":147,"author":{"gitId":"-"},"content":"# Spyder project settings","isFullCredit":false},{"lineNumber":148,"author":{"gitId":"-"},"content":".spyderproject","isFullCredit":false},{"lineNumber":149,"author":{"gitId":"-"},"content":".spyproject","isFullCredit":false},{"lineNumber":150,"author":{"gitId":"-"},"content":"","isFullCredit":false},{"lineNumber":151,"author":{"gitId":"-"},"content":"# Rope project settings","isFullCredit":false},{"lineNumber":152,"author":{"gitId":"-"},"content":".ropeproject","isFullCredit":false},{"lineNumber":153,"author":{"gitId":"-"},"content":"","isFullCredit":false},{"lineNumber":154,"author":{"gitId":"-"},"content":"# mkdocs documentation","isFullCredit":false},{"lineNumber":155,"author":{"gitId":"-"},"content":"/site","isFullCredit":false},{"lineNumber":156,"author":{"gitId":"-"},"content":"","isFullCredit":false},{"lineNumber":157,"author":{"gitId":"-"},"content":"# mypy","isFullCredit":false},{"lineNumber":158,"author":{"gitId":"-"},"content":".mypy_cache/","isFullCredit":false},{"lineNumber":159,"author":{"gitId":"-"},"content":".dmypy.json","isFullCredit":false},{"lineNumber":160,"author":{"gitId":"-"},"content":"dmypy.json","isFullCredit":false},{"lineNumber":161,"author":{"gitId":"-"},"content":"","isFullCredit":false},{"lineNumber":162,"author":{"gitId":"-"},"content":"# Pyre type checker","isFullCredit":false},{"lineNumber":163,"author":{"gitId":"-"},"content":".pyre/","isFullCredit":false},{"lineNumber":164,"author":{"gitId":"-"},"content":"","isFullCredit":false},{"lineNumber":165,"author":{"gitId":"-"},"content":"# pytype static type analyzer","isFullCredit":false},{"lineNumber":166,"author":{"gitId":"-"},"content":".pytype/","isFullCredit":false},{"lineNumber":167,"author":{"gitId":"-"},"content":"","isFullCredit":false},{"lineNumber":168,"author":{"gitId":"-"},"content":"# Cython debug symbols","isFullCredit":false},{"lineNumber":169,"author":{"gitId":"-"},"content":"cython_debug/","isFullCredit":false},{"lineNumber":170,"author":{"gitId":"-"},"content":"","isFullCredit":false},{"lineNumber":171,"author":{"gitId":"-"},"content":"# PyCharm","isFullCredit":false},{"lineNumber":172,"author":{"gitId":"-"},"content":"#  JetBrains specific template is maintained in a separate JetBrains.gitignore that can","isFullCredit":false},{"lineNumber":173,"author":{"gitId":"-"},"content":"#  be found at https://github.com/github/gitignore/blob/main/Global/JetBrains.gitignore","isFullCredit":false},{"lineNumber":174,"author":{"gitId":"-"},"content":"#  and can be added to the global gitignore or merged into this file.  For a more nuclear","isFullCredit":false},{"lineNumber":175,"author":{"gitId":"-"},"content":"#  option (not recommended) you can uncomment the following to ignore the entire idea folder.","isFullCredit":false},{"lineNumber":176,"author":{"gitId":"-"},"content":"#.idea/","isFullCredit":false},{"lineNumber":177,"author":{"gitId":"-"},"content":"","isFullCredit":false},{"lineNumber":178,"author":{"gitId":"-"},"content":"# Abstra","isFullCredit":false},{"lineNumber":179,"author":{"gitId":"-"},"content":"# Abstra is an AI-powered process automation framework.","isFullCredit":false},{"lineNumber":180,"author":{"gitId":"-"},"content":"# Ignore directories containing user credentials, local state, and settings.","isFullCredit":false},{"lineNumber":181,"author":{"gitId":"-"},"content":"# Learn more at https://abstra.io/docs","isFullCredit":false},{"lineNumber":182,"author":{"gitId":"-"},"content":".abstra/","isFullCredit":false},{"lineNumber":183,"author":{"gitId":"-"},"content":"","isFullCredit":false},{"lineNumber":184,"author":{"gitId":"-"},"content":"# Visual Studio Code","isFullCredit":false},{"lineNumber":185,"author":{"gitId":"-"},"content":"#  Visual Studio Code specific template is maintained in a separate VisualStudioCode.gitignore","isFullCredit":false},{"lineNumber":186,"author":{"gitId":"-"},"content":"#  that can be found at https://github.com/github/gitignore/blob/main/Global/VisualStudioCode.gitignore","isFullCredit":false},{"lineNumber":187,"author":{"gitId":"-"},"content":"#  and can be added to the global gitignore or merged into this file. However, if you prefer,","isFullCredit":false},{"lineNumber":188,"author":{"gitId":"-"},"content":"#  you could uncomment the following to ignore the entire vscode folder","isFullCredit":false},{"lineNumber":189,"author":{"gitId":"-"},"content":"# .vscode/","isFullCredit":false},{"lineNumber":190,"author":{"gitId":"-"},"content":"","isFullCredit":false},{"lineNumber":191,"author":{"gitId":"-"},"content":"# Ruff stuff:","isFullCredit":false},{"lineNumber":192,"author":{"gitId":"-"},"content":".ruff_cache/","isFullCredit":false},{"lineNumber":193,"author":{"gitId":"-"},"content":"","isFullCredit":false},{"lineNumber":194,"author":{"gitId":"-"},"content":"# PyPI configuration file","isFullCredit":false},{"lineNumber":195,"author":{"gitId":"-"},"content":".pypirc","isFullCredit":false},{"lineNumber":196,"author":{"gitId":"-"},"content":"","isFullCredit":false},{"lineNumber":197,"author":{"gitId":"-"},"content":"# Cursor","isFullCredit":false},{"lineNumber":198,"author":{"gitId":"-"},"content":"#  Cursor is an AI-powered code editor. `.cursorignore` specifies files/directories to","isFullCredit":false},{"lineNumber":199,"author":{"gitId":"-"},"content":"#  exclude from AI features like autocomplete and code analysis. Recommended for sensitive data","isFullCredit":false},{"lineNumber":200,"author":{"gitId":"-"},"content":"#  refer to https://docs.cursor.com/context/ignore-files","isFullCredit":false},{"lineNumber":201,"author":{"gitId":"-"},"content":".cursorignore","isFullCredit":false},{"lineNumber":202,"author":{"gitId":"-"},"content":".cursorindexingignore","isFullCredit":false},{"lineNumber":203,"author":{"gitId":"-"},"content":"","isFullCredit":false},{"lineNumber":204,"author":{"gitId":"-"},"content":"# Marimo","isFullCredit":false},{"lineNumber":205,"author":{"gitId":"-"},"content":"marimo/_static/","isFullCredit":false},{"lineNumber":206,"author":{"gitId":"-"},"content":"marimo/_lsp/","isFullCredit":false},{"lineNumber":207,"author":{"gitId":"-"},"content":"__marimo__/","isFullCredit":false},{"lineNumber":208,"author":{"gitId":"jul-soto"},"content":".Rproj.user","isFullCredit":false}],"authorContributionMap":{"jul-soto":1,"-":207}}]
