[{"path":".pre-commit-config.yaml","fileType":"yaml","lines":[{"lineNumber":1,"author":{"gitId":"-"},"content":"ci:","lastModifiedDate":"2025-08-14T22:08:00","isFullCredit":false},{"lineNumber":2,"author":{"gitId":"-"},"content":"  autofix_commit_msg: \"chore(pre-commit): autofix run\"","lastModifiedDate":"2025-08-14T22:08:00","isFullCredit":false},{"lineNumber":3,"author":{"gitId":"-"},"content":"  autoupdate_commit_msg: \"chore(pre-commit): autoupdate hooks\"","lastModifiedDate":"2025-08-14T22:08:00","isFullCredit":false},{"lineNumber":4,"author":{"gitId":"-"},"content":"","lastModifiedDate":"2025-08-14T22:08:00","isFullCredit":false},{"lineNumber":5,"author":{"gitId":"-"},"content":"default_install_hook_types:","lastModifiedDate":"2025-08-14T22:08:00","isFullCredit":false},{"lineNumber":6,"author":{"gitId":"-"},"content":"  - pre-commit","lastModifiedDate":"2025-08-14T22:08:00","isFullCredit":false},{"lineNumber":7,"author":{"gitId":"-"},"content":"  - commit-msg","lastModifiedDate":"2025-08-14T22:08:00","isFullCredit":false},{"lineNumber":8,"author":{"gitId":"-"},"content":"","lastModifiedDate":"2025-08-14T22:08:00","isFullCredit":false},{"lineNumber":9,"author":{"gitId":"-"},"content":"repos:","lastModifiedDate":"2025-08-14T22:08:00","isFullCredit":false},{"lineNumber":10,"author":{"gitId":"-"},"content":"  - repo: https://github.com/compilerla/conventional-pre-commit","lastModifiedDate":"2025-08-14T22:08:00","isFullCredit":false},{"lineNumber":11,"author":{"gitId":"-"},"content":"    rev: v4.2.0","lastModifiedDate":"2025-08-14T22:08:00","isFullCredit":false},{"lineNumber":12,"author":{"gitId":"-"},"content":"    hooks:","lastModifiedDate":"2025-08-14T22:08:00","isFullCredit":false},{"lineNumber":13,"author":{"gitId":"-"},"content":"      - id: conventional-pre-commit","lastModifiedDate":"2025-08-14T22:08:00","isFullCredit":false},{"lineNumber":14,"author":{"gitId":"-"},"content":"        stages: [commit-msg]","lastModifiedDate":"2025-08-14T22:08:00","isFullCredit":false},{"lineNumber":15,"author":{"gitId":"-"},"content":"        args:","lastModifiedDate":"2025-08-14T22:08:00","isFullCredit":false},{"lineNumber":16,"author":{"gitId":"-"},"content":"          [","lastModifiedDate":"2025-08-14T22:08:00","isFullCredit":false},{"lineNumber":17,"author":{"gitId":"-"},"content":"            \"--verbose\",","lastModifiedDate":"2025-08-14T22:08:00","isFullCredit":false},{"lineNumber":18,"author":{"gitId":"-"},"content":"            \"--scope\",","lastModifiedDate":"2025-08-14T22:08:00","isFullCredit":false},{"lineNumber":19,"author":{"gitId":"-"},"content":"            \"data,src,src-analysis,src-data,src-viz,config,docs,notebooks\",","lastModifiedDate":"2025-08-14T22:08:00","isFullCredit":false},{"lineNumber":20,"author":{"gitId":"-"},"content":"            \"feat\",","lastModifiedDate":"2025-08-14T22:08:00","isFullCredit":false},{"lineNumber":21,"author":{"gitId":"-"},"content":"            \"fix\",","lastModifiedDate":"2025-08-14T22:08:00","isFullCredit":false},{"lineNumber":22,"author":{"gitId":"-"},"content":"            \"refactor\",","lastModifiedDate":"2025-08-14T22:08:00","isFullCredit":false},{"lineNumber":23,"author":{"gitId":"-"},"content":"            \"perf\",","lastModifiedDate":"2025-08-14T22:08:00","isFullCredit":false},{"lineNumber":24,"author":{"gitId":"-"},"content":"            \"style\",","lastModifiedDate":"2025-08-14T22:08:00","isFullCredit":false},{"lineNumber":25,"author":{"gitId":"-"},"content":"            \"test\",","lastModifiedDate":"2025-08-14T22:08:00","isFullCredit":false},{"lineNumber":26,"author":{"gitId":"-"},"content":"            \"docs\",","lastModifiedDate":"2025-08-14T22:08:00","isFullCredit":false},{"lineNumber":27,"author":{"gitId":"-"},"content":"            \"build\",","lastModifiedDate":"2025-08-14T22:08:00","isFullCredit":false},{"lineNumber":28,"author":{"gitId":"-"},"content":"            \"chore\",","lastModifiedDate":"2025-08-14T22:08:00","isFullCredit":false},{"lineNumber":29,"author":{"gitId":"-"},"content":"            \"ci\"","lastModifiedDate":"2025-08-14T22:08:00","isFullCredit":false},{"lineNumber":30,"author":{"gitId":"-"},"content":"          ]","lastModifiedDate":"2025-08-14T22:08:00","isFullCredit":false},{"lineNumber":31,"author":{"gitId":"-"},"content":"  - repo: https://github.com/pre-commit/pre-commit-hooks","lastModifiedDate":"2025-08-14T22:08:00","isFullCredit":false},{"lineNumber":32,"author":{"gitId":"pre-commit-ci[bot]"},"content":"    rev: v6.0.0","lastModifiedDate":"2025-08-18T17:07:30","isFullCredit":true},{"lineNumber":33,"author":{"gitId":"-"},"content":"    hooks:","lastModifiedDate":"2025-08-14T22:08:00","isFullCredit":false},{"lineNumber":34,"author":{"gitId":"-"},"content":"      - id: trailing-whitespace","lastModifiedDate":"2025-08-14T22:08:00","isFullCredit":false},{"lineNumber":35,"author":{"gitId":"-"},"content":"      - id: mixed-line-ending","lastModifiedDate":"2025-08-14T22:08:00","isFullCredit":false},{"lineNumber":36,"author":{"gitId":"-"},"content":"      - id: end-of-file-fixer","lastModifiedDate":"2025-08-14T22:08:00","isFullCredit":false},{"lineNumber":37,"author":{"gitId":"-"},"content":"      - id: requirements-txt-fixer","lastModifiedDate":"2025-08-14T22:08:00","isFullCredit":false},{"lineNumber":38,"author":{"gitId":"-"},"content":"      - id: check-yaml","lastModifiedDate":"2025-08-14T22:08:00","isFullCredit":false},{"lineNumber":39,"author":{"gitId":"-"},"content":"      - id: check-added-large-files","lastModifiedDate":"2025-08-14T22:08:00","isFullCredit":false},{"lineNumber":40,"author":{"gitId":"-"},"content":"","lastModifiedDate":"2025-08-14T22:08:00","isFullCredit":false},{"lineNumber":41,"author":{"gitId":"-"},"content":"  - repo: https://github.com/astral-sh/ruff-pre-commit","lastModifiedDate":"2025-08-14T22:08:00","isFullCredit":false},{"lineNumber":42,"author":{"gitId":"-"},"content":"  # Ruff version.","lastModifiedDate":"2025-08-14T22:08:00","isFullCredit":false},{"lineNumber":43,"author":{"gitId":"-"},"content":"    rev: v0.12.9","lastModifiedDate":"2025-08-14T22:08:00","isFullCredit":false},{"lineNumber":44,"author":{"gitId":"-"},"content":"    hooks:","lastModifiedDate":"2025-08-14T22:08:00","isFullCredit":false},{"lineNumber":45,"author":{"gitId":"-"},"content":"    # Run the linter.","lastModifiedDate":"2025-08-14T22:08:00","isFullCredit":false},{"lineNumber":46,"author":{"gitId":"-"},"content":"      - id: ruff-check","lastModifiedDate":"2025-08-14T22:08:00","isFullCredit":false},{"lineNumber":47,"author":{"gitId":"-"},"content":"        types_or: [ python, pyi ]","lastModifiedDate":"2025-08-14T22:08:00","isFullCredit":false},{"lineNumber":48,"author":{"gitId":"-"},"content":"        args: [ --fix ]","lastModifiedDate":"2025-08-14T22:08:00","isFullCredit":false},{"lineNumber":49,"author":{"gitId":"-"},"content":"    # Run the formatter.","lastModifiedDate":"2025-08-14T22:08:00","isFullCredit":false},{"lineNumber":50,"author":{"gitId":"-"},"content":"      - id: ruff-format","lastModifiedDate":"2025-08-14T22:08:00","isFullCredit":false},{"lineNumber":51,"author":{"gitId":"-"},"content":"        types_or: [ python, pyi ]","lastModifiedDate":"2025-08-14T22:08:00","isFullCredit":false}],"authorContributionMap":{"pre-commit-ci[bot]":1,"-":50}},{"path":"app/Dockerfile","fileType":"Dockerfile","lines":[{"lineNumber":1,"author":{"gitId":"Paola María Espinoza Hernández"},"content":"FROM python:3.11-slim","lastModifiedDate":"2025-08-20T05:13:33","isFullCredit":true},{"lineNumber":2,"author":{"gitId":"Paola María Espinoza Hernández"},"content":"","lastModifiedDate":"2025-08-20T05:13:33","isFullCredit":true},{"lineNumber":3,"author":{"gitId":"Paola María Espinoza Hernández"},"content":"WORKDIR /app","lastModifiedDate":"2025-08-20T05:13:33","isFullCredit":true},{"lineNumber":4,"author":{"gitId":"Paola María Espinoza Hernández"},"content":"","lastModifiedDate":"2025-08-20T05:13:33","isFullCredit":true},{"lineNumber":5,"author":{"gitId":"Paola María Espinoza Hernández"},"content":"COPY app.py /app/app.py","lastModifiedDate":"2025-08-20T05:13:33","isFullCredit":true},{"lineNumber":6,"author":{"gitId":"Paola María Espinoza Hernández"},"content":"","lastModifiedDate":"2025-08-20T05:13:33","isFullCredit":true},{"lineNumber":7,"author":{"gitId":"Paola María Espinoza Hernández"},"content":"RUN pip install dash plotly","lastModifiedDate":"2025-08-20T05:13:33","isFullCredit":true},{"lineNumber":8,"author":{"gitId":"Paola María Espinoza Hernández"},"content":"","lastModifiedDate":"2025-08-20T05:13:33","isFullCredit":true},{"lineNumber":9,"author":{"gitId":"Paola María Espinoza Hernández"},"content":"EXPOSE 8050","lastModifiedDate":"2025-08-20T05:13:33","isFullCredit":true},{"lineNumber":10,"author":{"gitId":"Paola María Espinoza Hernández"},"content":"","lastModifiedDate":"2025-08-20T05:13:33","isFullCredit":true},{"lineNumber":11,"author":{"gitId":"Paola María Espinoza Hernández"},"content":"CMD [\"python\", \"app.py\"]","lastModifiedDate":"2025-08-20T05:13:33","isFullCredit":true}],"authorContributionMap":{"Paola María Espinoza Hernández":11}},{"path":"app/app.py","fileType":"py","lines":[{"lineNumber":1,"author":{"gitId":"Paola María Espinoza Hernández"},"content":"# app.py","lastModifiedDate":"2025-08-20T05:13:33","isFullCredit":true},{"lineNumber":2,"author":{"gitId":"Paola María Espinoza Hernández"},"content":"import dash","lastModifiedDate":"2025-08-20T05:13:33","isFullCredit":true},{"lineNumber":3,"author":{"gitId":"Paola María Espinoza Hernández"},"content":"from dash import dcc, html","lastModifiedDate":"2025-08-20T05:13:33","isFullCredit":true},{"lineNumber":4,"author":{"gitId":"Paola María Espinoza Hernández"},"content":"import plotly.graph_objs as go","lastModifiedDate":"2025-08-20T05:13:33","isFullCredit":true},{"lineNumber":5,"author":{"gitId":"Paola María Espinoza Hernández"},"content":"","lastModifiedDate":"2025-08-20T05:13:33","isFullCredit":true},{"lineNumber":6,"author":{"gitId":"Paola María Espinoza Hernández"},"content":"# Configuración inicial","lastModifiedDate":"2025-08-20T05:13:33","isFullCredit":true},{"lineNumber":7,"author":{"gitId":"Paola María Espinoza Hernández"},"content":"INIT_LATITUDE \u003d 3.4455217746834705","lastModifiedDate":"2025-08-20T05:13:33","isFullCredit":true},{"lineNumber":8,"author":{"gitId":"Paola María Espinoza Hernández"},"content":"INIT_LONGITUDE \u003d 27.607108241243623","lastModifiedDate":"2025-08-20T05:13:33","isFullCredit":true},{"lineNumber":9,"author":{"gitId":"Paola María Espinoza Hernández"},"content":"INIT_ZOOM \u003d 1.6637151294876884","lastModifiedDate":"2025-08-20T05:13:33","isFullCredit":true},{"lineNumber":10,"author":{"gitId":"Paola María Espinoza Hernández"},"content":"mapbox_style \u003d [\"open-street-map\", \"carto-positron\", \"carto-darkmatter\"]","lastModifiedDate":"2025-08-20T05:13:33","isFullCredit":true},{"lineNumber":11,"author":{"gitId":"Paola María Espinoza Hernández"},"content":"","lastModifiedDate":"2025-08-20T05:13:33","isFullCredit":true},{"lineNumber":12,"author":{"gitId":"Paola María Espinoza Hernández"},"content":"# Crear mapa vacío","lastModifiedDate":"2025-08-20T05:13:33","isFullCredit":true},{"lineNumber":13,"author":{"gitId":"Paola María Espinoza Hernández"},"content":"def create_map_geomap_empty():","lastModifiedDate":"2025-08-20T05:13:33","isFullCredit":true},{"lineNumber":14,"author":{"gitId":"Paola María Espinoza Hernández"},"content":"    fig \u003d go.Figure(go.Choroplethmapbox())  # vacío","lastModifiedDate":"2025-08-20T05:13:33","isFullCredit":true},{"lineNumber":15,"author":{"gitId":"Paola María Espinoza Hernández"},"content":"    fig.update_layout(","lastModifiedDate":"2025-08-20T05:13:33","isFullCredit":true},{"lineNumber":16,"author":{"gitId":"Paola María Espinoza Hernández"},"content":"        mapbox_style\u003dmapbox_style[1],  # carto-positron","lastModifiedDate":"2025-08-20T05:13:33","isFullCredit":true},{"lineNumber":17,"author":{"gitId":"Paola María Espinoza Hernández"},"content":"        mapbox_zoom\u003dINIT_ZOOM,","lastModifiedDate":"2025-08-20T05:13:33","isFullCredit":true},{"lineNumber":18,"author":{"gitId":"Paola María Espinoza Hernández"},"content":"        mapbox_center\u003d{\"lat\": INIT_LATITUDE, \"lon\": INIT_LONGITUDE},","lastModifiedDate":"2025-08-20T05:13:33","isFullCredit":true},{"lineNumber":19,"author":{"gitId":"Paola María Espinoza Hernández"},"content":"        margin\u003d{\"r\":0,\"t\":0,\"l\":0,\"b\":0},","lastModifiedDate":"2025-08-20T05:13:33","isFullCredit":true},{"lineNumber":20,"author":{"gitId":"Paola María Espinoza Hernández"},"content":"        height\u003d600","lastModifiedDate":"2025-08-20T05:13:33","isFullCredit":true},{"lineNumber":21,"author":{"gitId":"Paola María Espinoza Hernández"},"content":"    )","lastModifiedDate":"2025-08-20T05:13:33","isFullCredit":true},{"lineNumber":22,"author":{"gitId":"Paola María Espinoza Hernández"},"content":"    return fig","lastModifiedDate":"2025-08-20T05:13:33","isFullCredit":true},{"lineNumber":23,"author":{"gitId":"Paola María Espinoza Hernández"},"content":"","lastModifiedDate":"2025-08-20T05:13:33","isFullCredit":true},{"lineNumber":24,"author":{"gitId":"Paola María Espinoza Hernández"},"content":"# Inicializar Dash","lastModifiedDate":"2025-08-20T05:13:33","isFullCredit":true},{"lineNumber":25,"author":{"gitId":"Paola María Espinoza Hernández"},"content":"app \u003d dash.Dash(__name__)","lastModifiedDate":"2025-08-20T05:13:33","isFullCredit":true},{"lineNumber":26,"author":{"gitId":"Paola María Espinoza Hernández"},"content":"app.title \u003d \"Mapa vacío\"","lastModifiedDate":"2025-08-20T05:13:33","isFullCredit":true},{"lineNumber":27,"author":{"gitId":"Paola María Espinoza Hernández"},"content":"","lastModifiedDate":"2025-08-20T05:13:33","isFullCredit":true},{"lineNumber":28,"author":{"gitId":"Paola María Espinoza Hernández"},"content":"# Layout","lastModifiedDate":"2025-08-20T05:13:33","isFullCredit":true},{"lineNumber":29,"author":{"gitId":"Paola María Espinoza Hernández"},"content":"app.layout \u003d html.Div([","lastModifiedDate":"2025-08-20T05:13:33","isFullCredit":true},{"lineNumber":30,"author":{"gitId":"Paola María Espinoza Hernández"},"content":"    html.H1(\"Mapa vacío estilo World Atlas\"),","lastModifiedDate":"2025-08-20T05:13:33","isFullCredit":true},{"lineNumber":31,"author":{"gitId":"Paola María Espinoza Hernández"},"content":"    dcc.Graph(id\u003d\"geomap-empty\", figure\u003dcreate_map_geomap_empty())","lastModifiedDate":"2025-08-20T05:13:33","isFullCredit":true},{"lineNumber":32,"author":{"gitId":"Paola María Espinoza Hernández"},"content":"])","lastModifiedDate":"2025-08-20T05:13:33","isFullCredit":true},{"lineNumber":33,"author":{"gitId":"Paola María Espinoza Hernández"},"content":"","lastModifiedDate":"2025-08-20T05:13:33","isFullCredit":true},{"lineNumber":34,"author":{"gitId":"Paola María Espinoza Hernández"},"content":"# Ejecutar servidor","lastModifiedDate":"2025-08-20T05:13:33","isFullCredit":true},{"lineNumber":35,"author":{"gitId":"Paola María Espinoza Hernández"},"content":"if __name__ \u003d\u003d \"__main__\":","lastModifiedDate":"2025-08-20T05:13:33","isFullCredit":true},{"lineNumber":36,"author":{"gitId":"Paola María Espinoza Hernández"},"content":"    app.run(host\u003d\"0.0.0.0\", port\u003d8050, debug\u003dTrue)","lastModifiedDate":"2025-08-20T05:13:33","isFullCredit":true}],"authorContributionMap":{"Paola María Espinoza Hernández":36}}]
