[{"path":".gitignore","fileType":"gitignore","lines":[{"lineNumber":1,"author":{"gitId":"-"},"content":"# Byte-compiled / optimized / DLL files","lastModifiedDate":"2025-08-14T22:08:00","isFullCredit":false},{"lineNumber":2,"author":{"gitId":"-"},"content":"__pycache__/","lastModifiedDate":"2025-08-14T22:08:00","isFullCredit":false},{"lineNumber":3,"author":{"gitId":"-"},"content":"*.py[codz]","lastModifiedDate":"2025-08-14T22:08:00","isFullCredit":false},{"lineNumber":4,"author":{"gitId":"-"},"content":"*$py.class","lastModifiedDate":"2025-08-14T22:08:00","isFullCredit":false},{"lineNumber":5,"author":{"gitId":"-"},"content":"","lastModifiedDate":"2025-08-14T22:08:00","isFullCredit":false},{"lineNumber":6,"author":{"gitId":"-"},"content":"# C extensions","lastModifiedDate":"2025-08-14T22:08:00","isFullCredit":false},{"lineNumber":7,"author":{"gitId":"-"},"content":"*.so","lastModifiedDate":"2025-08-14T22:08:00","isFullCredit":false},{"lineNumber":8,"author":{"gitId":"-"},"content":"","lastModifiedDate":"2025-08-14T22:08:00","isFullCredit":false},{"lineNumber":9,"author":{"gitId":"-"},"content":"# Distribution / packaging","lastModifiedDate":"2025-08-14T22:08:00","isFullCredit":false},{"lineNumber":10,"author":{"gitId":"-"},"content":".Python","lastModifiedDate":"2025-08-14T22:08:00","isFullCredit":false},{"lineNumber":11,"author":{"gitId":"-"},"content":"build/","lastModifiedDate":"2025-08-14T22:08:00","isFullCredit":false},{"lineNumber":12,"author":{"gitId":"-"},"content":"develop-eggs/","lastModifiedDate":"2025-08-14T22:08:00","isFullCredit":false},{"lineNumber":13,"author":{"gitId":"-"},"content":"dist/","lastModifiedDate":"2025-08-14T22:08:00","isFullCredit":false},{"lineNumber":14,"author":{"gitId":"-"},"content":"downloads/","lastModifiedDate":"2025-08-14T22:08:00","isFullCredit":false},{"lineNumber":15,"author":{"gitId":"-"},"content":"eggs/","lastModifiedDate":"2025-08-14T22:08:00","isFullCredit":false},{"lineNumber":16,"author":{"gitId":"-"},"content":".eggs/","lastModifiedDate":"2025-08-14T22:08:00","isFullCredit":false},{"lineNumber":17,"author":{"gitId":"-"},"content":"lib/","lastModifiedDate":"2025-08-14T22:08:00","isFullCredit":false},{"lineNumber":18,"author":{"gitId":"-"},"content":"lib64/","lastModifiedDate":"2025-08-14T22:08:00","isFullCredit":false},{"lineNumber":19,"author":{"gitId":"-"},"content":"parts/","lastModifiedDate":"2025-08-14T22:08:00","isFullCredit":false},{"lineNumber":20,"author":{"gitId":"-"},"content":"sdist/","lastModifiedDate":"2025-08-14T22:08:00","isFullCredit":false},{"lineNumber":21,"author":{"gitId":"-"},"content":"var/","lastModifiedDate":"2025-08-14T22:08:00","isFullCredit":false},{"lineNumber":22,"author":{"gitId":"-"},"content":"wheels/","lastModifiedDate":"2025-08-14T22:08:00","isFullCredit":false},{"lineNumber":23,"author":{"gitId":"-"},"content":"share/python-wheels/","lastModifiedDate":"2025-08-14T22:08:00","isFullCredit":false},{"lineNumber":24,"author":{"gitId":"-"},"content":"*.egg-info/","lastModifiedDate":"2025-08-14T22:08:00","isFullCredit":false},{"lineNumber":25,"author":{"gitId":"-"},"content":".installed.cfg","lastModifiedDate":"2025-08-14T22:08:00","isFullCredit":false},{"lineNumber":26,"author":{"gitId":"-"},"content":"*.egg","lastModifiedDate":"2025-08-14T22:08:00","isFullCredit":false},{"lineNumber":27,"author":{"gitId":"-"},"content":"MANIFEST","lastModifiedDate":"2025-08-14T22:08:00","isFullCredit":false},{"lineNumber":28,"author":{"gitId":"-"},"content":"","lastModifiedDate":"2025-08-14T22:08:00","isFullCredit":false},{"lineNumber":29,"author":{"gitId":"-"},"content":"# PyInstaller","lastModifiedDate":"2025-08-14T22:08:00","isFullCredit":false},{"lineNumber":30,"author":{"gitId":"-"},"content":"#  Usually these files are written by a python script from a template","lastModifiedDate":"2025-08-14T22:08:00","isFullCredit":false},{"lineNumber":31,"author":{"gitId":"-"},"content":"#  before PyInstaller builds the exe, so as to inject date/other infos into it.","lastModifiedDate":"2025-08-14T22:08:00","isFullCredit":false},{"lineNumber":32,"author":{"gitId":"-"},"content":"*.manifest","lastModifiedDate":"2025-08-14T22:08:00","isFullCredit":false},{"lineNumber":33,"author":{"gitId":"-"},"content":"*.spec","lastModifiedDate":"2025-08-14T22:08:00","isFullCredit":false},{"lineNumber":34,"author":{"gitId":"-"},"content":"","lastModifiedDate":"2025-08-14T22:08:00","isFullCredit":false},{"lineNumber":35,"author":{"gitId":"-"},"content":"# Installer logs","lastModifiedDate":"2025-08-14T22:08:00","isFullCredit":false},{"lineNumber":36,"author":{"gitId":"-"},"content":"pip-log.txt","lastModifiedDate":"2025-08-14T22:08:00","isFullCredit":false},{"lineNumber":37,"author":{"gitId":"-"},"content":"pip-delete-this-directory.txt","lastModifiedDate":"2025-08-14T22:08:00","isFullCredit":false},{"lineNumber":38,"author":{"gitId":"-"},"content":"","lastModifiedDate":"2025-08-14T22:08:00","isFullCredit":false},{"lineNumber":39,"author":{"gitId":"-"},"content":"# Unit test / coverage reports","lastModifiedDate":"2025-08-14T22:08:00","isFullCredit":false},{"lineNumber":40,"author":{"gitId":"-"},"content":"htmlcov/","lastModifiedDate":"2025-08-14T22:08:00","isFullCredit":false},{"lineNumber":41,"author":{"gitId":"-"},"content":".tox/","lastModifiedDate":"2025-08-14T22:08:00","isFullCredit":false},{"lineNumber":42,"author":{"gitId":"-"},"content":".nox/","lastModifiedDate":"2025-08-14T22:08:00","isFullCredit":false},{"lineNumber":43,"author":{"gitId":"-"},"content":".coverage","lastModifiedDate":"2025-08-14T22:08:00","isFullCredit":false},{"lineNumber":44,"author":{"gitId":"-"},"content":".coverage.*","lastModifiedDate":"2025-08-14T22:08:00","isFullCredit":false},{"lineNumber":45,"author":{"gitId":"-"},"content":".cache","lastModifiedDate":"2025-08-14T22:08:00","isFullCredit":false},{"lineNumber":46,"author":{"gitId":"-"},"content":"nosetests.xml","lastModifiedDate":"2025-08-14T22:08:00","isFullCredit":false},{"lineNumber":47,"author":{"gitId":"-"},"content":"coverage.xml","lastModifiedDate":"2025-08-14T22:08:00","isFullCredit":false},{"lineNumber":48,"author":{"gitId":"-"},"content":"*.cover","lastModifiedDate":"2025-08-14T22:08:00","isFullCredit":false},{"lineNumber":49,"author":{"gitId":"-"},"content":"*.py.cover","lastModifiedDate":"2025-08-14T22:08:00","isFullCredit":false},{"lineNumber":50,"author":{"gitId":"-"},"content":".hypothesis/","lastModifiedDate":"2025-08-14T22:08:00","isFullCredit":false},{"lineNumber":51,"author":{"gitId":"-"},"content":".pytest_cache/","lastModifiedDate":"2025-08-14T22:08:00","isFullCredit":false},{"lineNumber":52,"author":{"gitId":"-"},"content":"cover/","lastModifiedDate":"2025-08-14T22:08:00","isFullCredit":false},{"lineNumber":53,"author":{"gitId":"-"},"content":"","lastModifiedDate":"2025-08-14T22:08:00","isFullCredit":false},{"lineNumber":54,"author":{"gitId":"-"},"content":"# Translations","lastModifiedDate":"2025-08-14T22:08:00","isFullCredit":false},{"lineNumber":55,"author":{"gitId":"-"},"content":"*.mo","lastModifiedDate":"2025-08-14T22:08:00","isFullCredit":false},{"lineNumber":56,"author":{"gitId":"-"},"content":"*.pot","lastModifiedDate":"2025-08-14T22:08:00","isFullCredit":false},{"lineNumber":57,"author":{"gitId":"-"},"content":"","lastModifiedDate":"2025-08-14T22:08:00","isFullCredit":false},{"lineNumber":58,"author":{"gitId":"-"},"content":"# Django stuff:","lastModifiedDate":"2025-08-14T22:08:00","isFullCredit":false},{"lineNumber":59,"author":{"gitId":"-"},"content":"*.log","lastModifiedDate":"2025-08-14T22:08:00","isFullCredit":false},{"lineNumber":60,"author":{"gitId":"-"},"content":"local_settings.py","lastModifiedDate":"2025-08-14T22:08:00","isFullCredit":false},{"lineNumber":61,"author":{"gitId":"-"},"content":"db.sqlite3","lastModifiedDate":"2025-08-14T22:08:00","isFullCredit":false},{"lineNumber":62,"author":{"gitId":"-"},"content":"db.sqlite3-journal","lastModifiedDate":"2025-08-14T22:08:00","isFullCredit":false},{"lineNumber":63,"author":{"gitId":"-"},"content":"","lastModifiedDate":"2025-08-14T22:08:00","isFullCredit":false},{"lineNumber":64,"author":{"gitId":"-"},"content":"# Flask stuff:","lastModifiedDate":"2025-08-14T22:08:00","isFullCredit":false},{"lineNumber":65,"author":{"gitId":"-"},"content":"instance/","lastModifiedDate":"2025-08-14T22:08:00","isFullCredit":false},{"lineNumber":66,"author":{"gitId":"-"},"content":".webassets-cache","lastModifiedDate":"2025-08-14T22:08:00","isFullCredit":false},{"lineNumber":67,"author":{"gitId":"-"},"content":"","lastModifiedDate":"2025-08-14T22:08:00","isFullCredit":false},{"lineNumber":68,"author":{"gitId":"-"},"content":"# Scrapy stuff:","lastModifiedDate":"2025-08-14T22:08:00","isFullCredit":false},{"lineNumber":69,"author":{"gitId":"-"},"content":".scrapy","lastModifiedDate":"2025-08-14T22:08:00","isFullCredit":false},{"lineNumber":70,"author":{"gitId":"-"},"content":"","lastModifiedDate":"2025-08-14T22:08:00","isFullCredit":false},{"lineNumber":71,"author":{"gitId":"-"},"content":"# Sphinx documentation","lastModifiedDate":"2025-08-14T22:08:00","isFullCredit":false},{"lineNumber":72,"author":{"gitId":"-"},"content":"docs/_build/","lastModifiedDate":"2025-08-14T22:08:00","isFullCredit":false},{"lineNumber":73,"author":{"gitId":"-"},"content":"","lastModifiedDate":"2025-08-14T22:08:00","isFullCredit":false},{"lineNumber":74,"author":{"gitId":"-"},"content":"# PyBuilder","lastModifiedDate":"2025-08-14T22:08:00","isFullCredit":false},{"lineNumber":75,"author":{"gitId":"-"},"content":".pybuilder/","lastModifiedDate":"2025-08-14T22:08:00","isFullCredit":false},{"lineNumber":76,"author":{"gitId":"-"},"content":"target/","lastModifiedDate":"2025-08-14T22:08:00","isFullCredit":false},{"lineNumber":77,"author":{"gitId":"-"},"content":"","lastModifiedDate":"2025-08-14T22:08:00","isFullCredit":false},{"lineNumber":78,"author":{"gitId":"-"},"content":"# Jupyter Notebook","lastModifiedDate":"2025-08-14T22:08:00","isFullCredit":false},{"lineNumber":79,"author":{"gitId":"-"},"content":".ipynb_checkpoints","lastModifiedDate":"2025-08-14T22:08:00","isFullCredit":false},{"lineNumber":80,"author":{"gitId":"-"},"content":"","lastModifiedDate":"2025-08-14T22:08:00","isFullCredit":false},{"lineNumber":81,"author":{"gitId":"-"},"content":"# IPython","lastModifiedDate":"2025-08-14T22:08:00","isFullCredit":false},{"lineNumber":82,"author":{"gitId":"-"},"content":"profile_default/","lastModifiedDate":"2025-08-14T22:08:00","isFullCredit":false},{"lineNumber":83,"author":{"gitId":"-"},"content":"ipython_config.py","lastModifiedDate":"2025-08-14T22:08:00","isFullCredit":false},{"lineNumber":84,"author":{"gitId":"-"},"content":"","lastModifiedDate":"2025-08-14T22:08:00","isFullCredit":false},{"lineNumber":85,"author":{"gitId":"-"},"content":"# pyenv","lastModifiedDate":"2025-08-14T22:08:00","isFullCredit":false},{"lineNumber":86,"author":{"gitId":"-"},"content":"#   For a library or package, you might want to ignore these files since the code is","lastModifiedDate":"2025-08-14T22:08:00","isFullCredit":false},{"lineNumber":87,"author":{"gitId":"-"},"content":"#   intended to run in multiple environments; otherwise, check them in:","lastModifiedDate":"2025-08-14T22:08:00","isFullCredit":false},{"lineNumber":88,"author":{"gitId":"-"},"content":"# .python-version","lastModifiedDate":"2025-08-14T22:08:00","isFullCredit":false},{"lineNumber":89,"author":{"gitId":"-"},"content":"","lastModifiedDate":"2025-08-14T22:08:00","isFullCredit":false},{"lineNumber":90,"author":{"gitId":"-"},"content":"# pipenv","lastModifiedDate":"2025-08-14T22:08:00","isFullCredit":false},{"lineNumber":91,"author":{"gitId":"-"},"content":"#   According to pypa/pipenv#598, it is recommended to include Pipfile.lock in version control.","lastModifiedDate":"2025-08-14T22:08:00","isFullCredit":false},{"lineNumber":92,"author":{"gitId":"-"},"content":"#   However, in case of collaboration, if having platform-specific dependencies or dependencies","lastModifiedDate":"2025-08-14T22:08:00","isFullCredit":false},{"lineNumber":93,"author":{"gitId":"-"},"content":"#   having no cross-platform support, pipenv may install dependencies that don\u0027t work, or not","lastModifiedDate":"2025-08-14T22:08:00","isFullCredit":false},{"lineNumber":94,"author":{"gitId":"-"},"content":"#   install all needed dependencies.","lastModifiedDate":"2025-08-14T22:08:00","isFullCredit":false},{"lineNumber":95,"author":{"gitId":"-"},"content":"#Pipfile.lock","lastModifiedDate":"2025-08-14T22:08:00","isFullCredit":false},{"lineNumber":96,"author":{"gitId":"-"},"content":"","lastModifiedDate":"2025-08-14T22:08:00","isFullCredit":false},{"lineNumber":97,"author":{"gitId":"-"},"content":"# UV","lastModifiedDate":"2025-08-14T22:08:00","isFullCredit":false},{"lineNumber":98,"author":{"gitId":"-"},"content":"#   Similar to Pipfile.lock, it is generally recommended to include uv.lock in version control.","lastModifiedDate":"2025-08-14T22:08:00","isFullCredit":false},{"lineNumber":99,"author":{"gitId":"-"},"content":"#   This is especially recommended for binary packages to ensure reproducibility, and is more","lastModifiedDate":"2025-08-14T22:08:00","isFullCredit":false},{"lineNumber":100,"author":{"gitId":"-"},"content":"#   commonly ignored for libraries.","lastModifiedDate":"2025-08-14T22:08:00","isFullCredit":false},{"lineNumber":101,"author":{"gitId":"-"},"content":"#uv.lock","lastModifiedDate":"2025-08-14T22:08:00","isFullCredit":false},{"lineNumber":102,"author":{"gitId":"-"},"content":"","lastModifiedDate":"2025-08-14T22:08:00","isFullCredit":false},{"lineNumber":103,"author":{"gitId":"-"},"content":"# poetry","lastModifiedDate":"2025-08-14T22:08:00","isFullCredit":false},{"lineNumber":104,"author":{"gitId":"-"},"content":"#   Similar to Pipfile.lock, it is generally recommended to include poetry.lock in version control.","lastModifiedDate":"2025-08-14T22:08:00","isFullCredit":false},{"lineNumber":105,"author":{"gitId":"-"},"content":"#   This is especially recommended for binary packages to ensure reproducibility, and is more","lastModifiedDate":"2025-08-14T22:08:00","isFullCredit":false},{"lineNumber":106,"author":{"gitId":"-"},"content":"#   commonly ignored for libraries.","lastModifiedDate":"2025-08-14T22:08:00","isFullCredit":false},{"lineNumber":107,"author":{"gitId":"-"},"content":"#   https://python-poetry.org/docs/basic-usage/#commit-your-poetrylock-file-to-version-control","lastModifiedDate":"2025-08-14T22:08:00","isFullCredit":false},{"lineNumber":108,"author":{"gitId":"-"},"content":"#poetry.lock","lastModifiedDate":"2025-08-14T22:08:00","isFullCredit":false},{"lineNumber":109,"author":{"gitId":"-"},"content":"#poetry.toml","lastModifiedDate":"2025-08-14T22:08:00","isFullCredit":false},{"lineNumber":110,"author":{"gitId":"-"},"content":"","lastModifiedDate":"2025-08-14T22:08:00","isFullCredit":false},{"lineNumber":111,"author":{"gitId":"-"},"content":"# pdm","lastModifiedDate":"2025-08-14T22:08:00","isFullCredit":false},{"lineNumber":112,"author":{"gitId":"-"},"content":"#   Similar to Pipfile.lock, it is generally recommended to include pdm.lock in version control.","lastModifiedDate":"2025-08-14T22:08:00","isFullCredit":false},{"lineNumber":113,"author":{"gitId":"-"},"content":"#   pdm recommends including project-wide configuration in pdm.toml, but excluding .pdm-python.","lastModifiedDate":"2025-08-14T22:08:00","isFullCredit":false},{"lineNumber":114,"author":{"gitId":"-"},"content":"#   https://pdm-project.org/en/latest/usage/project/#working-with-version-control","lastModifiedDate":"2025-08-14T22:08:00","isFullCredit":false},{"lineNumber":115,"author":{"gitId":"-"},"content":"#pdm.lock","lastModifiedDate":"2025-08-14T22:08:00","isFullCredit":false},{"lineNumber":116,"author":{"gitId":"-"},"content":"#pdm.toml","lastModifiedDate":"2025-08-14T22:08:00","isFullCredit":false},{"lineNumber":117,"author":{"gitId":"-"},"content":".pdm-python","lastModifiedDate":"2025-08-14T22:08:00","isFullCredit":false},{"lineNumber":118,"author":{"gitId":"-"},"content":".pdm-build/","lastModifiedDate":"2025-08-14T22:08:00","isFullCredit":false},{"lineNumber":119,"author":{"gitId":"-"},"content":"","lastModifiedDate":"2025-08-14T22:08:00","isFullCredit":false},{"lineNumber":120,"author":{"gitId":"-"},"content":"# pixi","lastModifiedDate":"2025-08-14T22:08:00","isFullCredit":false},{"lineNumber":121,"author":{"gitId":"-"},"content":"#   Similar to Pipfile.lock, it is generally recommended to include pixi.lock in version control.","lastModifiedDate":"2025-08-14T22:08:00","isFullCredit":false},{"lineNumber":122,"author":{"gitId":"-"},"content":"#pixi.lock","lastModifiedDate":"2025-08-14T22:08:00","isFullCredit":false},{"lineNumber":123,"author":{"gitId":"-"},"content":"#   Pixi creates a virtual environment in the .pixi directory, just like venv module creates one","lastModifiedDate":"2025-08-14T22:08:00","isFullCredit":false},{"lineNumber":124,"author":{"gitId":"-"},"content":"#   in the .venv directory. It is recommended not to include this directory in version control.","lastModifiedDate":"2025-08-14T22:08:00","isFullCredit":false},{"lineNumber":125,"author":{"gitId":"-"},"content":".pixi","lastModifiedDate":"2025-08-14T22:08:00","isFullCredit":false},{"lineNumber":126,"author":{"gitId":"-"},"content":"","lastModifiedDate":"2025-08-14T22:08:00","isFullCredit":false},{"lineNumber":127,"author":{"gitId":"-"},"content":"# PEP 582; used by e.g. github.com/David-OConnor/pyflow and github.com/pdm-project/pdm","lastModifiedDate":"2025-08-14T22:08:00","isFullCredit":false},{"lineNumber":128,"author":{"gitId":"-"},"content":"__pypackages__/","lastModifiedDate":"2025-08-14T22:08:00","isFullCredit":false},{"lineNumber":129,"author":{"gitId":"-"},"content":"","lastModifiedDate":"2025-08-14T22:08:00","isFullCredit":false},{"lineNumber":130,"author":{"gitId":"-"},"content":"# Celery stuff","lastModifiedDate":"2025-08-14T22:08:00","isFullCredit":false},{"lineNumber":131,"author":{"gitId":"-"},"content":"celerybeat-schedule","lastModifiedDate":"2025-08-14T22:08:00","isFullCredit":false},{"lineNumber":132,"author":{"gitId":"-"},"content":"celerybeat.pid","lastModifiedDate":"2025-08-14T22:08:00","isFullCredit":false},{"lineNumber":133,"author":{"gitId":"-"},"content":"","lastModifiedDate":"2025-08-14T22:08:00","isFullCredit":false},{"lineNumber":134,"author":{"gitId":"-"},"content":"# SageMath parsed files","lastModifiedDate":"2025-08-14T22:08:00","isFullCredit":false},{"lineNumber":135,"author":{"gitId":"-"},"content":"*.sage.py","lastModifiedDate":"2025-08-14T22:08:00","isFullCredit":false},{"lineNumber":136,"author":{"gitId":"-"},"content":"","lastModifiedDate":"2025-08-14T22:08:00","isFullCredit":false},{"lineNumber":137,"author":{"gitId":"-"},"content":"# Environments","lastModifiedDate":"2025-08-14T22:08:00","isFullCredit":false},{"lineNumber":138,"author":{"gitId":"-"},"content":".env","lastModifiedDate":"2025-08-14T22:08:00","isFullCredit":false},{"lineNumber":139,"author":{"gitId":"-"},"content":".envrc","lastModifiedDate":"2025-08-14T22:08:00","isFullCredit":false},{"lineNumber":140,"author":{"gitId":"-"},"content":".venv","lastModifiedDate":"2025-08-14T22:08:00","isFullCredit":false},{"lineNumber":141,"author":{"gitId":"-"},"content":"env/","lastModifiedDate":"2025-08-14T22:08:00","isFullCredit":false},{"lineNumber":142,"author":{"gitId":"-"},"content":"venv/","lastModifiedDate":"2025-08-14T22:08:00","isFullCredit":false},{"lineNumber":143,"author":{"gitId":"-"},"content":"ENV/","lastModifiedDate":"2025-08-14T22:08:00","isFullCredit":false},{"lineNumber":144,"author":{"gitId":"-"},"content":"env.bak/","lastModifiedDate":"2025-08-14T22:08:00","isFullCredit":false},{"lineNumber":145,"author":{"gitId":"-"},"content":"venv.bak/","lastModifiedDate":"2025-08-14T22:08:00","isFullCredit":false},{"lineNumber":146,"author":{"gitId":"-"},"content":"","lastModifiedDate":"2025-08-14T22:08:00","isFullCredit":false},{"lineNumber":147,"author":{"gitId":"-"},"content":"# Spyder project settings","lastModifiedDate":"2025-08-14T22:08:00","isFullCredit":false},{"lineNumber":148,"author":{"gitId":"-"},"content":".spyderproject","lastModifiedDate":"2025-08-14T22:08:00","isFullCredit":false},{"lineNumber":149,"author":{"gitId":"-"},"content":".spyproject","lastModifiedDate":"2025-08-14T22:08:00","isFullCredit":false},{"lineNumber":150,"author":{"gitId":"-"},"content":"","lastModifiedDate":"2025-08-14T22:08:00","isFullCredit":false},{"lineNumber":151,"author":{"gitId":"-"},"content":"# Rope project settings","lastModifiedDate":"2025-08-14T22:08:00","isFullCredit":false},{"lineNumber":152,"author":{"gitId":"-"},"content":".ropeproject","lastModifiedDate":"2025-08-14T22:08:00","isFullCredit":false},{"lineNumber":153,"author":{"gitId":"-"},"content":"","lastModifiedDate":"2025-08-14T22:08:00","isFullCredit":false},{"lineNumber":154,"author":{"gitId":"-"},"content":"# mkdocs documentation","lastModifiedDate":"2025-08-14T22:08:00","isFullCredit":false},{"lineNumber":155,"author":{"gitId":"-"},"content":"/site","lastModifiedDate":"2025-08-14T22:08:00","isFullCredit":false},{"lineNumber":156,"author":{"gitId":"-"},"content":"","lastModifiedDate":"2025-08-14T22:08:00","isFullCredit":false},{"lineNumber":157,"author":{"gitId":"-"},"content":"# mypy","lastModifiedDate":"2025-08-14T22:08:00","isFullCredit":false},{"lineNumber":158,"author":{"gitId":"-"},"content":".mypy_cache/","lastModifiedDate":"2025-08-14T22:08:00","isFullCredit":false},{"lineNumber":159,"author":{"gitId":"-"},"content":".dmypy.json","lastModifiedDate":"2025-08-14T22:08:00","isFullCredit":false},{"lineNumber":160,"author":{"gitId":"-"},"content":"dmypy.json","lastModifiedDate":"2025-08-14T22:08:00","isFullCredit":false},{"lineNumber":161,"author":{"gitId":"-"},"content":"","lastModifiedDate":"2025-08-14T22:08:00","isFullCredit":false},{"lineNumber":162,"author":{"gitId":"-"},"content":"# Pyre type checker","lastModifiedDate":"2025-08-14T22:08:00","isFullCredit":false},{"lineNumber":163,"author":{"gitId":"-"},"content":".pyre/","lastModifiedDate":"2025-08-14T22:08:00","isFullCredit":false},{"lineNumber":164,"author":{"gitId":"-"},"content":"","lastModifiedDate":"2025-08-14T22:08:00","isFullCredit":false},{"lineNumber":165,"author":{"gitId":"-"},"content":"# pytype static type analyzer","lastModifiedDate":"2025-08-14T22:08:00","isFullCredit":false},{"lineNumber":166,"author":{"gitId":"-"},"content":".pytype/","lastModifiedDate":"2025-08-14T22:08:00","isFullCredit":false},{"lineNumber":167,"author":{"gitId":"-"},"content":"","lastModifiedDate":"2025-08-14T22:08:00","isFullCredit":false},{"lineNumber":168,"author":{"gitId":"-"},"content":"# Cython debug symbols","lastModifiedDate":"2025-08-14T22:08:00","isFullCredit":false},{"lineNumber":169,"author":{"gitId":"-"},"content":"cython_debug/","lastModifiedDate":"2025-08-14T22:08:00","isFullCredit":false},{"lineNumber":170,"author":{"gitId":"-"},"content":"","lastModifiedDate":"2025-08-14T22:08:00","isFullCredit":false},{"lineNumber":171,"author":{"gitId":"-"},"content":"# PyCharm","lastModifiedDate":"2025-08-14T22:08:00","isFullCredit":false},{"lineNumber":172,"author":{"gitId":"-"},"content":"#  JetBrains specific template is maintained in a separate JetBrains.gitignore that can","lastModifiedDate":"2025-08-14T22:08:00","isFullCredit":false},{"lineNumber":173,"author":{"gitId":"-"},"content":"#  be found at https://github.com/github/gitignore/blob/main/Global/JetBrains.gitignore","lastModifiedDate":"2025-08-14T22:08:00","isFullCredit":false},{"lineNumber":174,"author":{"gitId":"-"},"content":"#  and can be added to the global gitignore or merged into this file.  For a more nuclear","lastModifiedDate":"2025-08-14T22:08:00","isFullCredit":false},{"lineNumber":175,"author":{"gitId":"-"},"content":"#  option (not recommended) you can uncomment the following to ignore the entire idea folder.","lastModifiedDate":"2025-08-14T22:08:00","isFullCredit":false},{"lineNumber":176,"author":{"gitId":"-"},"content":"#.idea/","lastModifiedDate":"2025-08-14T22:08:00","isFullCredit":false},{"lineNumber":177,"author":{"gitId":"-"},"content":"","lastModifiedDate":"2025-08-14T22:08:00","isFullCredit":false},{"lineNumber":178,"author":{"gitId":"-"},"content":"# Abstra","lastModifiedDate":"2025-08-14T22:08:00","isFullCredit":false},{"lineNumber":179,"author":{"gitId":"-"},"content":"# Abstra is an AI-powered process automation framework.","lastModifiedDate":"2025-08-14T22:08:00","isFullCredit":false},{"lineNumber":180,"author":{"gitId":"-"},"content":"# Ignore directories containing user credentials, local state, and settings.","lastModifiedDate":"2025-08-14T22:08:00","isFullCredit":false},{"lineNumber":181,"author":{"gitId":"-"},"content":"# Learn more at https://abstra.io/docs","lastModifiedDate":"2025-08-14T22:08:00","isFullCredit":false},{"lineNumber":182,"author":{"gitId":"-"},"content":".abstra/","lastModifiedDate":"2025-08-14T22:08:00","isFullCredit":false},{"lineNumber":183,"author":{"gitId":"-"},"content":"","lastModifiedDate":"2025-08-14T22:08:00","isFullCredit":false},{"lineNumber":184,"author":{"gitId":"-"},"content":"# Visual Studio Code","lastModifiedDate":"2025-08-14T22:08:00","isFullCredit":false},{"lineNumber":185,"author":{"gitId":"-"},"content":"#  Visual Studio Code specific template is maintained in a separate VisualStudioCode.gitignore","lastModifiedDate":"2025-08-14T22:08:00","isFullCredit":false},{"lineNumber":186,"author":{"gitId":"-"},"content":"#  that can be found at https://github.com/github/gitignore/blob/main/Global/VisualStudioCode.gitignore","lastModifiedDate":"2025-08-14T22:08:00","isFullCredit":false},{"lineNumber":187,"author":{"gitId":"-"},"content":"#  and can be added to the global gitignore or merged into this file. However, if you prefer,","lastModifiedDate":"2025-08-14T22:08:00","isFullCredit":false},{"lineNumber":188,"author":{"gitId":"-"},"content":"#  you could uncomment the following to ignore the entire vscode folder","lastModifiedDate":"2025-08-14T22:08:00","isFullCredit":false},{"lineNumber":189,"author":{"gitId":"-"},"content":"# .vscode/","lastModifiedDate":"2025-08-14T22:08:00","isFullCredit":false},{"lineNumber":190,"author":{"gitId":"-"},"content":"","lastModifiedDate":"2025-08-14T22:08:00","isFullCredit":false},{"lineNumber":191,"author":{"gitId":"-"},"content":"# Ruff stuff:","lastModifiedDate":"2025-08-14T22:08:00","isFullCredit":false},{"lineNumber":192,"author":{"gitId":"-"},"content":".ruff_cache/","lastModifiedDate":"2025-08-14T22:08:00","isFullCredit":false},{"lineNumber":193,"author":{"gitId":"-"},"content":"","lastModifiedDate":"2025-08-14T22:08:00","isFullCredit":false},{"lineNumber":194,"author":{"gitId":"-"},"content":"# PyPI configuration file","lastModifiedDate":"2025-08-14T22:08:00","isFullCredit":false},{"lineNumber":195,"author":{"gitId":"-"},"content":".pypirc","lastModifiedDate":"2025-08-14T22:08:00","isFullCredit":false},{"lineNumber":196,"author":{"gitId":"-"},"content":"","lastModifiedDate":"2025-08-14T22:08:00","isFullCredit":false},{"lineNumber":197,"author":{"gitId":"-"},"content":"# Cursor","lastModifiedDate":"2025-08-14T22:08:00","isFullCredit":false},{"lineNumber":198,"author":{"gitId":"-"},"content":"#  Cursor is an AI-powered code editor. `.cursorignore` specifies files/directories to","lastModifiedDate":"2025-08-14T22:08:00","isFullCredit":false},{"lineNumber":199,"author":{"gitId":"-"},"content":"#  exclude from AI features like autocomplete and code analysis. Recommended for sensitive data","lastModifiedDate":"2025-08-14T22:08:00","isFullCredit":false},{"lineNumber":200,"author":{"gitId":"-"},"content":"#  refer to https://docs.cursor.com/context/ignore-files","lastModifiedDate":"2025-08-14T22:08:00","isFullCredit":false},{"lineNumber":201,"author":{"gitId":"-"},"content":".cursorignore","lastModifiedDate":"2025-08-14T22:08:00","isFullCredit":false},{"lineNumber":202,"author":{"gitId":"-"},"content":".cursorindexingignore","lastModifiedDate":"2025-08-14T22:08:00","isFullCredit":false},{"lineNumber":203,"author":{"gitId":"-"},"content":"","lastModifiedDate":"2025-08-14T22:08:00","isFullCredit":false},{"lineNumber":204,"author":{"gitId":"-"},"content":"# Marimo","lastModifiedDate":"2025-08-14T22:08:00","isFullCredit":false},{"lineNumber":205,"author":{"gitId":"-"},"content":"marimo/_static/","lastModifiedDate":"2025-08-14T22:08:00","isFullCredit":false},{"lineNumber":206,"author":{"gitId":"-"},"content":"marimo/_lsp/","lastModifiedDate":"2025-08-14T22:08:00","isFullCredit":false},{"lineNumber":207,"author":{"gitId":"-"},"content":"__marimo__/","lastModifiedDate":"2025-08-14T22:08:00","isFullCredit":false},{"lineNumber":208,"author":{"gitId":"jul-soto"},"content":".Rproj.user","lastModifiedDate":"2025-08-20T23:42:46","isFullCredit":true}],"authorContributionMap":{"jul-soto":1,"-":207}}]
