[{"path":".pre-commit-config.yaml","fileType":"yaml","lines":[{"lineNumber":1,"author":{"gitId":"-"},"content":"ci:","isFullCredit":false},{"lineNumber":2,"author":{"gitId":"-"},"content":"  autofix_commit_msg: \"chore(pre-commit): autofix run\"","isFullCredit":false},{"lineNumber":3,"author":{"gitId":"-"},"content":"  autoupdate_commit_msg: \"chore(pre-commit): autoupdate hooks\"","isFullCredit":false},{"lineNumber":4,"author":{"gitId":"-"},"content":"","isFullCredit":false},{"lineNumber":5,"author":{"gitId":"-"},"content":"default_install_hook_types:","isFullCredit":false},{"lineNumber":6,"author":{"gitId":"-"},"content":"  - pre-commit","isFullCredit":false},{"lineNumber":7,"author":{"gitId":"-"},"content":"  - commit-msg","isFullCredit":false},{"lineNumber":8,"author":{"gitId":"-"},"content":"","isFullCredit":false},{"lineNumber":9,"author":{"gitId":"-"},"content":"repos:","isFullCredit":false},{"lineNumber":10,"author":{"gitId":"-"},"content":"  - repo: https://github.com/compilerla/conventional-pre-commit","isFullCredit":false},{"lineNumber":11,"author":{"gitId":"-"},"content":"    rev: v4.2.0","isFullCredit":false},{"lineNumber":12,"author":{"gitId":"-"},"content":"    hooks:","isFullCredit":false},{"lineNumber":13,"author":{"gitId":"-"},"content":"      - id: conventional-pre-commit","isFullCredit":false},{"lineNumber":14,"author":{"gitId":"-"},"content":"        stages: [commit-msg]","isFullCredit":false},{"lineNumber":15,"author":{"gitId":"-"},"content":"        args:","isFullCredit":false},{"lineNumber":16,"author":{"gitId":"-"},"content":"          [","isFullCredit":false},{"lineNumber":17,"author":{"gitId":"-"},"content":"            \"--verbose\",","isFullCredit":false},{"lineNumber":18,"author":{"gitId":"-"},"content":"            \"--scope\",","isFullCredit":false},{"lineNumber":19,"author":{"gitId":"-"},"content":"            \"data,src,src-analysis,src-data,src-viz,config,docs,notebooks\",","isFullCredit":false},{"lineNumber":20,"author":{"gitId":"-"},"content":"            \"feat\",","isFullCredit":false},{"lineNumber":21,"author":{"gitId":"-"},"content":"            \"fix\",","isFullCredit":false},{"lineNumber":22,"author":{"gitId":"-"},"content":"            \"refactor\",","isFullCredit":false},{"lineNumber":23,"author":{"gitId":"-"},"content":"            \"perf\",","isFullCredit":false},{"lineNumber":24,"author":{"gitId":"-"},"content":"            \"style\",","isFullCredit":false},{"lineNumber":25,"author":{"gitId":"-"},"content":"            \"test\",","isFullCredit":false},{"lineNumber":26,"author":{"gitId":"-"},"content":"            \"docs\",","isFullCredit":false},{"lineNumber":27,"author":{"gitId":"-"},"content":"            \"build\",","isFullCredit":false},{"lineNumber":28,"author":{"gitId":"-"},"content":"            \"chore\",","isFullCredit":false},{"lineNumber":29,"author":{"gitId":"-"},"content":"            \"ci\"","isFullCredit":false},{"lineNumber":30,"author":{"gitId":"-"},"content":"          ]","isFullCredit":false},{"lineNumber":31,"author":{"gitId":"-"},"content":"  - repo: https://github.com/pre-commit/pre-commit-hooks","isFullCredit":false},{"lineNumber":32,"author":{"gitId":"pre-commit-ci[bot]"},"content":"    rev: v6.0.0","isFullCredit":false},{"lineNumber":33,"author":{"gitId":"-"},"content":"    hooks:","isFullCredit":false},{"lineNumber":34,"author":{"gitId":"-"},"content":"      - id: trailing-whitespace","isFullCredit":false},{"lineNumber":35,"author":{"gitId":"-"},"content":"      - id: mixed-line-ending","isFullCredit":false},{"lineNumber":36,"author":{"gitId":"-"},"content":"      - id: end-of-file-fixer","isFullCredit":false},{"lineNumber":37,"author":{"gitId":"-"},"content":"      - id: requirements-txt-fixer","isFullCredit":false},{"lineNumber":38,"author":{"gitId":"-"},"content":"      - id: check-yaml","isFullCredit":false},{"lineNumber":39,"author":{"gitId":"-"},"content":"      - id: check-added-large-files","isFullCredit":false},{"lineNumber":40,"author":{"gitId":"-"},"content":"","isFullCredit":false},{"lineNumber":41,"author":{"gitId":"-"},"content":"  - repo: https://github.com/astral-sh/ruff-pre-commit","isFullCredit":false},{"lineNumber":42,"author":{"gitId":"-"},"content":"  # Ruff version.","isFullCredit":false},{"lineNumber":43,"author":{"gitId":"-"},"content":"    rev: v0.12.9","isFullCredit":false},{"lineNumber":44,"author":{"gitId":"-"},"content":"    hooks:","isFullCredit":false},{"lineNumber":45,"author":{"gitId":"-"},"content":"    # Run the linter.","isFullCredit":false},{"lineNumber":46,"author":{"gitId":"-"},"content":"      - id: ruff-check","isFullCredit":false},{"lineNumber":47,"author":{"gitId":"-"},"content":"        types_or: [ python, pyi ]","isFullCredit":false},{"lineNumber":48,"author":{"gitId":"-"},"content":"        args: [ --fix ]","isFullCredit":false},{"lineNumber":49,"author":{"gitId":"-"},"content":"    # Run the formatter.","isFullCredit":false},{"lineNumber":50,"author":{"gitId":"-"},"content":"      - id: ruff-format","isFullCredit":false},{"lineNumber":51,"author":{"gitId":"-"},"content":"        types_or: [ python, pyi ]","isFullCredit":false}],"authorContributionMap":{"pre-commit-ci[bot]":1,"-":50}}]
