{"authorDailyContributionsMap":{"PaolaEspH":[{"date":"2025-08-20T00:00:00","commitResults":[{"hash":"fd23a3969e247b213bfb5a13d2f81189b2c2afe8","isMergeCommit":false,"messageTitle":"feat: versión inicial de dashboard","messageBody":"","fileTypesAndContributionMap":{"Dockerfile":{"insertions":11,"deletions":0},"py":{"insertions":36,"deletions":0}}}]}],"Jose-Carlos-Quintero":[],"jul-soto":[{"date":"2025-08-20T00:00:00","commitResults":[{"hash":"5b74f6b81d2137ffad43d02d5713e52b2ab4befa","isMergeCommit":false,"messageTitle":"chore: actualizar gitignore","messageBody":"","fileTypesAndContributionMap":{"gitignore":{"insertions":1,"deletions":0}}}]}],"maria-jimenez-torres":[{"date":"2025-08-22T00:00:00","commitResults":[{"hash":"6b64f2a0eb36334b4b843ae1ff54596575434527","isMergeCommit":false,"messageTitle":"creación del documento escrito","messageBody":"","fileTypesAndContributionMap":{"Rmd":{"insertions":16,"deletions":0}}}]}]},"authorFileTypeContributionMap":{"PaolaEspH":{"Dockerfile":11,"py":36},"Jose-Carlos-Quintero":{},"jul-soto":{"gitignore":1},"maria-jimenez-torres":{"Rmd":16}},"authorContributionVariance":{"PaolaEspH":168.74306,"Jose-Carlos-Quintero":0.0,"jul-soto":0.07638889,"maria-jimenez-torres":19.555555},"authorDisplayNameMap":{"PaolaEspH":"Paola Espinoza","Jose-Carlos-Quintero":"Jose Carlos Quintero","jul-soto":"Julián Soto","maria-jimenez-torres":"María Jiménez"}}
