{"authorDailyContributionsMap":{"Maikol Solís":[{"date":"2025-08-14T00:00:00","commitResults":[{"hash":"db2cd7384cca3ccb1936f79610725f601d9fcc48","isMergeCommit":false,"messageTitle":"Initial commit","messageBody":"","fileTypesAndContributionMap":{"txt":{"insertions":1,"deletions":0},"other":{"insertions":1,"deletions":0},"gitignore":{"insertions":207,"deletions":0},"tex":{"insertions":0,"deletions":0},"md":{"insertions":903,"deletions":0},"csv":{"insertions":0,"deletions":0},"py":{"insertions":6,"deletions":0},"ipynb":{"insertions":21,"deletions":0},"toml":{"insertions":18,"deletions":0},"LICENSE":{"insertions":21,"deletions":0},"yaml":{"insertions":51,"deletions":0}}}]}]},"authorFileTypeContributionMap":{"Maikol Solís":{"gitignore":207,"yaml":51,"other":1,"LICENSE":21,"md":903,"ipynb":21,"toml":18,"txt":1,"py":6}},"authorContributionVariance":{"Maikol Solís":48669.766},"authorDisplayNameMap":{"Maikol Solís":"Maikol Solís"}}
