{"authorDailyContributionsMap":{"María Paula Jiménez":[{"date":"2025-09-04T00:00:00","commitResults":[{"hash":"38343d17f92326da5d6aaecbda0295ff18c46d89","isMergeCommit":false,"messageTitle":"feat: agrego intro antecendentes al markdown","messageBody":"","fileTypesAndContributionMap":{"Rmd":{"insertions":5,"deletions":0}}},{"hash":"689117b71bf6e299200adcad1772de835b7cfb4a","isMergeCommit":false,"messageTitle":"feat: 3 papers y 1 informe en .bib","messageBody":"","fileTypesAndContributionMap":{"bib":{"insertions":44,"deletions":0}}}]},{"date":"2025-09-05T00:00:00","commitResults":[{"hash":"b3d3df5f3d7a8edeb8bcf8d44006ac054397bc22","isMergeCommit":false,"messageTitle":"feat: resumenes referencias","messageBody":"","fileTypesAndContributionMap":{"Rmd":{"insertions":35,"deletions":0}}},{"hash":"45bf4e0515f61a418e3e69c7271ad2f2993db1a0","isMergeCommit":false,"messageTitle":"Add files via upload","messageBody":"","fileTypesAndContributionMap":{}}]},{"date":"2025-09-17T00:00:00","commitResults":[{"hash":"982d495c17a27b94bd13ad73c9482a5108326784","isMergeCommit":false,"messageTitle":"feat: actualizar sprint 3","messageBody":"","fileTypesAndContributionMap":{"md":{"insertions":65,"deletions":20}}},{"hash":"4fc0d20047fe94cd5b2984af49c6546299b0e3af","isMergeCommit":false,"messageTitle":"feat: asignación tareas sprint 3","messageBody":"","fileTypesAndContributionMap":{"md":{"insertions":4,"deletions":3}}}]},{"date":"2025-09-19T00:00:00","commitResults":[{"hash":"05e4f0f6442b8ef07c9e1980ff7847f8203d32d3","isMergeCommit":false,"messageTitle":"feat: antecedentes/ background","messageBody":"","fileTypesAndContributionMap":{"Rmd":{"insertions":7,"deletions":1}}},{"hash":"b24b4491aeceef6c49929bd6c1958416833a2e5d","isMergeCommit":false,"messageTitle":"feat: agrego los dailys del 12 y 17","messageBody":"","fileTypesAndContributionMap":{"md":{"insertions":25,"deletions":25}}},{"hash":"a7cdd13c1b38be7de793d2707793ac6bc859f491","isMergeCommit":false,"messageTitle":"feat: presentación sprint 3","messageBody":"","fileTypesAndContributionMap":{}}]},{"date":"2025-09-25T00:00:00","commitResults":[{"hash":"d130ebb2cdc86298126e04f79794251776cd91a1","isMergeCommit":false,"messageTitle":"feat: terminar el reporte del sprint3","messageBody":"","fileTypesAndContributionMap":{"md":{"insertions":31,"deletions":34}}}]},{"date":"2025-10-03T00:00:00","commitResults":[{"hash":"f8a4aa95b4f34a745cf5a24e2623f7041936a836","isMergeCommit":false,"messageTitle":"feat: diapositivas sprint 4","messageBody":"","fileTypesAndContributionMap":{}},{"hash":"f739920c49b689bf7e8dacfe8d1423250f25511b","isMergeCommit":false,"messageTitle":"fix: Delete diapositivas Sprint 4","messageBody":"problemas tecnicos","fileTypesAndContributionMap":{}},{"hash":"a232192c35242a58709d855781eaa4744bf96fa8","isMergeCommit":false,"messageTitle":"feat: diapositivas actualizadas sprint 4","messageBody":"","fileTypesAndContributionMap":{}}]},{"date":"2025-10-04T00:00:00","commitResults":[{"hash":"e75a8343cc0b96c7d9fe2f6245788c46f49d20da","isMergeCommit":false,"messageTitle":"feat: Reporte de sprint 3 y 4, primera parte","messageBody":"","fileTypesAndContributionMap":{"Rmd":{"insertions":149,"deletions":0}}}]},{"date":"2025-10-17T00:00:00","commitResults":[{"hash":"036605a322578ca2c9d52e6be29e74e092efce2e","isMergeCommit":false,"messageTitle":"feat: presentación del sprint 5","messageBody":"","fileTypesAndContributionMap":{}}]}],"pre-commit-ci[bot]":[{"date":"2025-08-19T00:00:00","commitResults":[{"hash":"b1c0b7b1dde04c8d969334eadf2642a823b54c29","isMergeCommit":false,"messageTitle":"chore(pre-commit): autoupdate hooks","messageBody":"updates:\n- [github.com/pre-commit/pre-commit-hooks: v5.0.0 → v6.0.0](https://github.com/pre-commit/pre-commit-hooks/compare/v5.0.0...v6.0.0)\n","fileTypesAndContributionMap":{"yaml":{"insertions":1,"deletions":1}}},{"hash":"06869250a82a48e3d2dbbea0969246401fe5d736","isMergeCommit":false,"messageTitle":"chore(pre-commit): autofix run","messageBody":"","fileTypesAndContributionMap":{"gitignore":{"insertions":2,"deletions":2}}}]},{"date":"2025-08-27T00:00:00","commitResults":[{"hash":"384228cd53608723283943132741fda26c5978ee","isMergeCommit":false,"messageTitle":"chore(pre-commit): autoupdate hooks","messageBody":"updates:\n- [github.com/astral-sh/ruff-pre-commit: v0.12.9 → v0.12.10](https://github.com/astral-sh/ruff-pre-commit/compare/v0.12.9...v0.12.10)\n","fileTypesAndContributionMap":{"yaml":{"insertions":1,"deletions":1}}},{"hash":"e4e64a980b5944197914686b06658ad0ce17a20c","isMergeCommit":false,"messageTitle":"chore(pre-commit): autofix run","messageBody":"","fileTypesAndContributionMap":{"Dockerfile":{"insertions":1,"deletions":1},"descarga":{"insertions":134,"deletions":134},"py":{"insertions":10,"deletions":6},"html":{"insertions":5,"deletions":5}}}]},{"date":"2025-08-31T00:00:00","commitResults":[{"hash":"ece9ebd5c77bba0b2c6132263fbe865af1c8a297","isMergeCommit":false,"messageTitle":"chore(pre-commit): autofix run","messageBody":"","fileTypesAndContributionMap":{"Rmd":{"insertions":10,"deletions":10}}}]},{"date":"2025-09-02T00:00:00","commitResults":[{"hash":"782d487ecf73f1a6d68e2202f6661d757f2ba777","isMergeCommit":false,"messageTitle":"chore(pre-commit): autoupdate hooks","messageBody":"updates:\n- [github.com/astral-sh/ruff-pre-commit: v0.12.10 → v0.12.11](https://github.com/astral-sh/ruff-pre-commit/compare/v0.12.10...v0.12.11)\n","fileTypesAndContributionMap":{"yaml":{"insertions":1,"deletions":1}}}]},{"date":"2025-09-03T00:00:00","commitResults":[{"hash":"1929abc37908e9e382016edf16aad6d728dcf80c","isMergeCommit":false,"messageTitle":"chore(pre-commit): autofix run","messageBody":"","fileTypesAndContributionMap":{"md":{"insertions":31,"deletions":31}}}]},{"date":"2025-09-04T00:00:00","commitResults":[{"hash":"b87cf2f6a679413cdc573fd8e9c891e67cd2ee26","isMergeCommit":false,"messageTitle":"chore(pre-commit): autofix run","messageBody":"","fileTypesAndContributionMap":{"Rmd":{"insertions":0,"deletions":1}}}]},{"date":"2025-09-05T00:00:00","commitResults":[{"hash":"04275fb4bff8fca8a8c342dbcc54900a6ce5ee88","isMergeCommit":false,"messageTitle":"chore(pre-commit): autofix run","messageBody":"","fileTypesAndContributionMap":{"Rmd":{"insertions":2,"deletions":2}}},{"hash":"575f9115eddc5bbcf441f6ce977d8bc244484bec","isMergeCommit":false,"messageTitle":"chore(pre-commit): autofix run","messageBody":"","fileTypesAndContributionMap":{"Dockerfile":{"insertions":1,"deletions":1},"txt":{"insertions":1,"deletions":1},"md":{"insertions":4,"deletions":4},"py":{"insertions":4,"deletions":4}}}]},{"date":"2025-09-16T00:00:00","commitResults":[{"hash":"6a0d7a0761358858d940129b1c0251e58b5d9466","isMergeCommit":false,"messageTitle":"chore(pre-commit): autofix run","messageBody":"","fileTypesAndContributionMap":{"md":{"insertions":43,"deletions":43}}}]},{"date":"2025-09-17T00:00:00","commitResults":[{"hash":"3b1767107ab34469d5c1f594b5151bdaf0162f60","isMergeCommit":false,"messageTitle":"chore(pre-commit): autoupdate hooks","messageBody":"updates:\n- [github.com/astral-sh/ruff-pre-commit: v0.12.11 → v0.13.0](https://github.com/astral-sh/ruff-pre-commit/compare/v0.12.11...v0.13.0)\n","fileTypesAndContributionMap":{"yaml":{"insertions":1,"deletions":1}}},{"hash":"9aaeeddd8a5602311563a08ff975be26a1c50c48","isMergeCommit":false,"messageTitle":"chore(pre-commit): autofix run","messageBody":"","fileTypesAndContributionMap":{"md":{"insertions":16,"deletions":16}}}]},{"date":"2025-09-19T00:00:00","commitResults":[{"hash":"3424dd5af35bb84e4f8fedb07593d312d79fd997","isMergeCommit":false,"messageTitle":"chore(pre-commit): autofix run","messageBody":"","fileTypesAndContributionMap":{"Rmd":{"insertions":0,"deletions":1}}},{"hash":"9122a606f0b001cdd6c70c5efa682c591cecce77","isMergeCommit":false,"messageTitle":"chore(pre-commit): autofix run","messageBody":"","fileTypesAndContributionMap":{"py":{"insertions":11,"deletions":10}}},{"hash":"3eadbe1b651cb21e3a6efd88d26fe0000b420264","isMergeCommit":false,"messageTitle":"chore(pre-commit): autofix run","messageBody":"","fileTypesAndContributionMap":{"md":{"insertions":10,"deletions":10}}}]},{"date":"2025-09-25T00:00:00","commitResults":[{"hash":"8198d61abd56569d8f0ddbf01d8c5bbd31d54c23","isMergeCommit":false,"messageTitle":"chore(pre-commit): autofix run","messageBody":"","fileTypesAndContributionMap":{"md":{"insertions":0,"deletions":1},"py":{"insertions":7,"deletions":6}}},{"hash":"0768789aa3dd3349c0638f88f5aa98e40def484a","isMergeCommit":false,"messageTitle":"chore(pre-commit): autoupdate hooks","messageBody":"updates:\n- [github.com/astral-sh/ruff-pre-commit: v0.13.0 → v0.13.1](https://github.com/astral-sh/ruff-pre-commit/compare/v0.13.0...v0.13.1)\n","fileTypesAndContributionMap":{"yaml":{"insertions":1,"deletions":1}}}]},{"date":"2025-10-03T00:00:00","commitResults":[{"hash":"459b1f50a29008e61abcf35aa17d61931b974e27","isMergeCommit":false,"messageTitle":"chore(pre-commit): autofix run","messageBody":"","fileTypesAndContributionMap":{"Rmd":{"insertions":1,"deletions":1},"py":{"insertions":0,"deletions":1}}}]},{"date":"2025-10-16T00:00:00","commitResults":[{"hash":"a13089491cd3b76aac2baa3a2871eb7766c0ed71","isMergeCommit":false,"messageTitle":"chore(pre-commit): autoupdate hooks","messageBody":"updates:\n- [github.com/compilerla/conventional-pre-commit: v4.2.0 → v4.3.0](https://github.com/compilerla/conventional-pre-commit/compare/v4.2.0...v4.3.0)\n- [github.com/astral-sh/ruff-pre-commit: v0.13.1 → v0.14.0](https://github.com/astral-sh/ruff-pre-commit/compare/v0.13.1...v0.14.0)\n","fileTypesAndContributionMap":{"yaml":{"insertions":2,"deletions":2}}}]}],"Julian Soto":[{"date":"2025-08-20T00:00:00","commitResults":[{"hash":"5b74f6b81d2137ffad43d02d5713e52b2ab4befa","isMergeCommit":false,"messageTitle":"chore: actualizar gitignore","messageBody":"","fileTypesAndContributionMap":{"gitignore":{"insertions":1,"deletions":0}}}]}],"Maikol Solís":[{"date":"2025-08-14T00:00:00","commitResults":[{"hash":"db2cd7384cca3ccb1936f79610725f601d9fcc48","isMergeCommit":false,"messageTitle":"Initial commit","messageBody":"","fileTypesAndContributionMap":{"txt":{"insertions":1,"deletions":0},"other":{"insertions":1,"deletions":0},"gitignore":{"insertions":207,"deletions":0},"tex":{"insertions":0,"deletions":0},"md":{"insertions":903,"deletions":0},"csv":{"insertions":0,"deletions":0},"py":{"insertions":6,"deletions":0},"ipynb":{"insertions":21,"deletions":0},"toml":{"insertions":18,"deletions":0},"LICENSE":{"insertions":21,"deletions":0},"yaml":{"insertions":51,"deletions":0}}}]}],"Paula Jiménez":[{"date":"2025-08-22T00:00:00","commitResults":[{"hash":"6b64f2a0eb36334b4b843ae1ff54596575434527","isMergeCommit":false,"messageTitle":"creación del documento escrito","messageBody":"","fileTypesAndContributionMap":{"Rmd":{"insertions":16,"deletions":0}}},{"hash":"d9a89977eee10986f856d4cf6c938513b2c783dc","isMergeCommit":false,"messageTitle":"feat: daily","messageBody":"","fileTypesAndContributionMap":{"md":{"insertions":4,"deletions":4}}},{"hash":"820c95bd3a8706d9343278490f24bd6b41cc1e6f","isMergeCommit":false,"messageTitle":"feat: presentación del sprint 1","messageBody":"","fileTypesAndContributionMap":{}}]}],"Jose Carlos":[{"date":"2025-08-21T00:00:00","commitResults":[{"hash":"7162017d4f315131bd81d6ec00f107a93a9c9bf5","isMergeCommit":false,"messageTitle":"feat: agregar base de datos sobre obesidad infantil","messageBody":"","fileTypesAndContributionMap":{"csv":{"insertions":473,"deletions":0}}}]},{"date":"2025-08-22T00:00:00","commitResults":[{"hash":"d50a70e93c5e18aa80afaf0ec25346b03b9d2cc8","isMergeCommit":false,"messageTitle":"feat: agregar la documentación preliminar del sprint 1","messageBody":"","fileTypesAndContributionMap":{"md":{"insertions":32,"deletions":21}}},{"hash":"58d34c90bdb1814211bdbb4e476df60e564a937e","isMergeCommit":false,"messageTitle":"fix: cambios en los puntajes de las historias","messageBody":"","fileTypesAndContributionMap":{"md":{"insertions":5,"deletions":5}}}]},{"date":"2025-08-23T00:00:00","commitResults":[{"hash":"e90bbe642a07e6e3bf524aca72a3d8c2d84fdb97","isMergeCommit":false,"messageTitle":"feat: agregar parte de revisión en clase y retrospectiva a sprint 1","messageBody":"","fileTypesAndContributionMap":{"md":{"insertions":32,"deletions":37}}}]},{"date":"2025-08-29T00:00:00","commitResults":[{"hash":"698b67f8702470063c014d8cf22c7c39b56c957f","isMergeCommit":false,"messageTitle":"feat: agregar tablas de datos crudas faltantes en data/raw","messageBody":"","fileTypesAndContributionMap":{"csv":{"insertions":946,"deletions":0}}},{"hash":"a6a0079cb27003e6f5114e796ece9b48a7c02352","isMergeCommit":false,"messageTitle":"feat: agregar modulo y script de carga y limpieza de las bases de datos, issue #7","messageBody":"","fileTypesAndContributionMap":{"py":{"insertions":250,"deletions":0}}},{"hash":"b7fa0ce1075d7e57eed0b65a36511fca9a10e5dd","isMergeCommit":false,"messageTitle":"feat: agregar base de datos limpia en data/clean, issue #7","messageBody":"","fileTypesAndContributionMap":{"csv":{"insertions":1417,"deletions":0}}}]},{"date":"2025-08-31T00:00:00","commitResults":[{"hash":"bf426790b811301df5d765dbc2dea4fb4dc33621","isMergeCommit":false,"messageTitle":"feat: agregar modulo de generacion de graficos con su script de prueba respectivo. Generar carpeta para guardar graficos como imagen. #8","messageBody":"","fileTypesAndContributionMap":{"py":{"insertions":520,"deletions":0}}}]},{"date":"2025-09-16T00:00:00","commitResults":[{"hash":"183f5d9dd6daea9e5495c5e16125d7f5ceff16f7","isMergeCommit":false,"messageTitle":"feat: agregar métodos para análisis estadístico descriptivo, agregar nuevas imágenes de gráficos y actualización del df limpio","messageBody":"","fileTypesAndContributionMap":{"csv":{"insertions":1416,"deletions":1416},"py":{"insertions":328,"deletions":47}}}]},{"date":"2025-09-17T00:00:00","commitResults":[{"hash":"64ad60baad8f28ff919f8a5ad3a1c4565eace763","isMergeCommit":false,"messageTitle":"feat: agregar inicio de analisis exploratorio de la base de datos","messageBody":"","fileTypesAndContributionMap":{"Rmd":{"insertions":21,"deletions":0}}}]},{"date":"2025-09-28T00:00:00","commitResults":[{"hash":"393d2498a74db028122534d5a10dad0369df5cc2","isMergeCommit":false,"messageTitle":"feat: agregar estimacion de la posterior del parametro de la prevalencia de sobrepeso/obesidad por metropolis hastings. inclusion de graficos relacionados. #71","messageBody":"","fileTypesAndContributionMap":{"csv":{"insertions":479,"deletions":479},"py":{"insertions":287,"deletions":0}}}]},{"date":"2025-10-15T00:00:00","commitResults":[{"hash":"b43df4d12594e0ad902e9ae764a459a3966f8886","isMergeCommit":false,"messageTitle":"feat: agregar modelo logit-binomial para encontrar la posterior de la prevalencia de sobrepeso/obesidad. Incluir graficos de resultados. #74","messageBody":"","fileTypesAndContributionMap":{"py":{"insertions":548,"deletions":0}}}]}],"Julián Soto":[{"date":"2025-08-22T00:00:00","commitResults":[{"hash":"1a5a9cf605f00b12f70b5186d8968a28b0dacc42","isMergeCommit":false,"messageTitle":"feat: recopilación de información","messageBody":"","fileTypesAndContributionMap":{"Rhistory":{"insertions":0,"deletions":0},"Rmd":{"insertions":46,"deletions":8},"bib":{"insertions":58,"deletions":0},"csl":{"insertions":2133,"deletions":0}}}]},{"date":"2025-08-23T00:00:00","commitResults":[{"hash":"0e67c1715d7de89971ea4643169c8e88860f46b0","isMergeCommit":false,"messageTitle":"chore: actualización Daily, sprint 1","messageBody":"","fileTypesAndContributionMap":{"md":{"insertions":9,"deletions":9}}}]},{"date":"2025-09-04T00:00:00","commitResults":[{"hash":"450efa43582340371d25f70ffae8ef0df6efd489","isMergeCommit":false,"messageTitle":"feat: Se añade recopilación bibliográfica preliminar","messageBody":"","fileTypesAndContributionMap":{"Rmd":{"insertions":143,"deletions":0}}},{"hash":"14b87c8b140de8089a63bb8461b0f248fdb0f144","isMergeCommit":false,"messageTitle":"feat: Actualización de la recopilación bibliográfica.","messageBody":"","fileTypesAndContributionMap":{"Rmd":{"insertions":25,"deletions":70}}}]},{"date":"2025-10-04T00:00:00","commitResults":[{"hash":"8b6760cad0fbce348a962d903ed09f101bbd68d8","isMergeCommit":false,"messageTitle":"feat: ajuste preliminar de modelo #73","messageBody":"","fileTypesAndContributionMap":{"Rmd":{"insertions":176,"deletions":0}}},{"hash":"04d35eaa4187082a5d9923ccbba3f2b876bc1b4c","isMergeCommit":false,"messageTitle":"feat: Entregable Sprint 3, Sprint 4","messageBody":"","fileTypesAndContributionMap":{"md":{"insertions":94,"deletions":56},"Rmd":{"insertions":299,"deletions":149}}}]},{"date":"2025-10-16T00:00:00","commitResults":[{"hash":"cd539a3cfdd27a4b5ae9bb716f70fb81a2c2c6fd","isMergeCommit":false,"messageTitle":"feat: actualización del documento escrito.","messageBody":"","fileTypesAndContributionMap":{"Rmd":{"insertions":256,"deletions":173},"html":{"insertions":309,"deletions":2673}}}]}],"Paola María Espinoza Hernández":[{"date":"2025-08-20T00:00:00","commitResults":[{"hash":"fd23a3969e247b213bfb5a13d2f81189b2c2afe8","isMergeCommit":false,"messageTitle":"feat: versión inicial de dashboard","messageBody":"","fileTypesAndContributionMap":{"Dockerfile":{"insertions":11,"deletions":0},"py":{"insertions":36,"deletions":0}}}]},{"date":"2025-08-22T00:00:00","commitResults":[{"hash":"73b2471da4b8b60f32ff8a03e7bf9d0e84805b5e","isMergeCommit":false,"messageTitle":"fix: documento escrito","messageBody":"","fileTypesAndContributionMap":{"Rmd":{"insertions":5,"deletions":8},"html":{"insertions":2822,"deletions":0}}},{"hash":"ee4efa42dc91b0147e44f49882b6450be81d0f68","isMergeCommit":false,"messageTitle":"feat: agrega daily","messageBody":"","fileTypesAndContributionMap":{"md":{"insertions":24,"deletions":10}}},{"hash":"8987e22e6dae638def3e7a95471e21b6fdd0ee72","isMergeCommit":false,"messageTitle":"feat: agrega html de dashboard","messageBody":"","fileTypesAndContributionMap":{"descarga":{"insertions":120341,"deletions":0},"html":{"insertions":1602,"deletions":0}}}]},{"date":"2025-08-31T00:00:00","commitResults":[{"hash":"8fdc7d4935eb96e1becf586588a1d758308ca209","isMergeCommit":false,"messageTitle":"fix: arreglos formato en documento escrito","messageBody":"","fileTypesAndContributionMap":{"csv":{"insertions":0,"deletions":0},"Rmd":{"insertions":8,"deletions":5}}},{"hash":"62cce1e6b68dc7bea263e59dbc7cf3a7e6f33aa1","isMergeCommit":false,"messageTitle":"feat: descripción inicial de los datos a utilizar","messageBody":"","fileTypesAndContributionMap":{"Rmd":{"insertions":16,"deletions":0}}}]},{"date":"2025-09-03T00:00:00","commitResults":[{"hash":"a063f9ed50f1aa4261482c22446650391bf71418","isMergeCommit":false,"messageTitle":"feat: agrega información del sprint 2","messageBody":"","fileTypesAndContributionMap":{"md":{"insertions":96,"deletions":40}}}]},{"date":"2025-09-05T00:00:00","commitResults":[{"hash":"c945c1c4ddd6a9b287c503d4ec74a4702f77efbb","isMergeCommit":false,"messageTitle":"feat: agrega último daily","messageBody":"","fileTypesAndContributionMap":{"md":{"insertions":23,"deletions":3}}},{"hash":"6663702623330b6bea072f54c2755ca38c8053ae","isMergeCommit":false,"messageTitle":"feat: mejora estética de dashboard, closes #32","messageBody":"","fileTypesAndContributionMap":{"Dockerfile":{"insertions":11,"deletions":3},"txt":{"insertions":2,"deletions":0},"json":{"insertions":51,"deletions":0},"py":{"insertions":48,"deletions":14},"docker":{"insertions":0,"deletions":0}}},{"hash":"d4fee02873d8e66afb6cb9db0ac4fdc2bc9ded62","isMergeCommit":false,"messageTitle":"fix: arregla descripción de datos","messageBody":"","fileTypesAndContributionMap":{"Rmd":{"insertions":2,"deletions":2}}},{"hash":"282fb48f2bb0f7ce5328d26993b6616a7b1af46b","isMergeCommit":false,"messageTitle":"feat: agrega marco teórico preliminar","messageBody":"","fileTypesAndContributionMap":{"Rmd":{"insertions":51,"deletions":12}}},{"hash":"d17b09ef0990d263b1645802d334df8bbafef51b","isMergeCommit":false,"messageTitle":"feat: agrega detalles de sprint 2","messageBody":"","fileTypesAndContributionMap":{"md":{"insertions":15,"deletions":17}}},{"hash":"ea0a4e2f7275382462ef4e25472ed9a6144b4551","isMergeCommit":false,"messageTitle":"feat: agrega retroalimentación de sprint","messageBody":"","fileTypesAndContributionMap":{"md":{"insertions":82,"deletions":77}}},{"hash":"85eb552f66a4e4c2331aa09f9b9f7338e0936da7","isMergeCommit":false,"messageTitle":"feat: agrega pdf de sprint 1 y 2 juntos","messageBody":"","fileTypesAndContributionMap":{"md":{"insertions":334,"deletions":0}}}]},{"date":"2025-09-19T00:00:00","commitResults":[{"hash":"b785721cc0eb957505dbacd992999aa15d4196ef","isMergeCommit":false,"messageTitle":"fix: arregla mapa","messageBody":"","fileTypesAndContributionMap":{"py":{"insertions":14,"deletions":17}}}]},{"date":"2025-09-21T00:00:00","commitResults":[{"hash":"dc2aa5c7340e995361c4cc6fb728410482740e1e","isMergeCommit":false,"messageTitle":"feat: agrega objetivos","messageBody":"","fileTypesAndContributionMap":{"Rmd":{"insertions":13,"deletions":0}}}]},{"date":"2025-09-23T00:00:00","commitResults":[{"hash":"9c92bb94f351e3978e2019135ab3f102d37f4101","isMergeCommit":false,"messageTitle":"fix: quitar comas y nas de dataframe","messageBody":"","fileTypesAndContributionMap":{"csv":{"insertions":938,"deletions":947},"py":{"insertions":17,"deletions":4},"ipynb":{"insertions":21,"deletions":2}}},{"hash":"ccd74018d8c0f81dd5f40816cd97feadba3c9c00","isMergeCommit":false,"messageTitle":"feat: agrega pruebas preliminares de uso de STAN","messageBody":"","fileTypesAndContributionMap":{"ipynb":{"insertions":943,"deletions":0}}}]},{"date":"2025-09-29T00:00:00","commitResults":[{"hash":"2bf1461c68deabdedf76720a16b786af859e2469","isMergeCommit":false,"messageTitle":"fix: arregla información sobre variables a utilizar","messageBody":"","fileTypesAndContributionMap":{"Rhistory":{"insertions":1,"deletions":0},"Rmd":{"insertions":2,"deletions":2}}},{"hash":"d39fb92c230d1be36dc61c39e08584ab98544d57","isMergeCommit":false,"messageTitle":"feat: agrega resultados a documento escrito","messageBody":"","fileTypesAndContributionMap":{"Rmd":{"insertions":14,"deletions":1}}},{"hash":"c1ae4b066047b9bcb77e4d075cae3b96480b7384","isMergeCommit":false,"messageTitle":"fix arregla gráfico de autocorrelación","messageBody":"","fileTypesAndContributionMap":{"py":{"insertions":14,"deletions":6}}},{"hash":"9d9c564993a4290445b4762b73273d099f04cb82","isMergeCommit":false,"messageTitle":"fix: arregla gráfico de autocorrelación","messageBody":"","fileTypesAndContributionMap":{"py":{"insertions":1,"deletions":1}}},{"hash":"59bf96a6db77d786f58f58841ad0538dc0bef3c7","isMergeCommit":false,"messageTitle":"fix: arregla leyendas de histogramas","messageBody":"","fileTypesAndContributionMap":{"py":{"insertions":10,"deletions":4}}},{"hash":"7a53fc27656eea5cc5ef8b1165d167c2ea0c9738","isMergeCommit":false,"messageTitle":"feat: agrega resultados","messageBody":"","fileTypesAndContributionMap":{"Rhistory":{"insertions":512,"deletions":0},"py":{"insertions":1,"deletions":1}}}]},{"date":"2025-10-05T00:00:00","commitResults":[{"hash":"6d05c78ed927375f9adb8519fa8c4fda30591db4","isMergeCommit":false,"messageTitle":"fix: arregla error de compilación","messageBody":"","fileTypesAndContributionMap":{"Rmd":{"insertions":1,"deletions":1}}}]},{"date":"2025-10-17T00:00:00","commitResults":[{"hash":"f9afed864763012edc8dceebb55302bdc2b5d52f","isMergeCommit":false,"messageTitle":"feat: agrega redacción para resultados","messageBody":"","fileTypesAndContributionMap":{"Rmd":{"insertions":34,"deletions":20}}}]}],"Paula Jimenez":[{"date":"2025-09-02T00:00:00","commitResults":[{"hash":"f2068eca0250c223cb3272f16c5e6fd44c3e4896","isMergeCommit":false,"messageTitle":"fix: agrega uv.lock","messageBody":"","fileTypesAndContributionMap":{"lock":{"insertions":1190,"deletions":0}}}]}]},"authorFileTypeContributionMap":{"María Paula Jiménez":{"Rmd":8,"md":87},"pre-commit-ci[bot]":{"yaml":3,"py":22},"Julian Soto":{"gitignore":1},"Maikol Solís":{"gitignore":207,"yaml":48,"other":1,"LICENSE":21,"md":677,"ipynb":19,"toml":18,"txt":1,"py":6},"Paula Jiménez":{"Rmd":4,"md":4},"Jose Carlos":{"csv":2197,"Rmd":19,"md":60,"py":1873},"Julián Soto":{"Rmd":596,"csl":2132,"html":270,"md":103},"Paola María Espinoza Hernández":{"json":51,"html":1789,"descarga":120293,"Dockerfile":19,"py":90,"txt":2,"Rhistory":513,"csv":630,"Rmd":110,"ipynb":964,"md":485},"Paula Jimenez":{"lock":1190}},"authorContributionVariance":{"María Paula Jiménez":572.4777,"pre-commit-ci[bot]":1455.9277,"Julian Soto":0.014489604,"Maikol Solís":21885.691,"Paula Jiménez":8.3460245,"Jose Carlos":269676.72,"Julián Soto":245199.98,"Paola María Espinoza Hernández":2.25607376E8,"Paula Jimenez":20518.75},"authorDisplayNameMap":{"María Paula Jiménez":"María Paula Jiménez","pre-commit-ci[bot]":"pre-commit-ci[bot]","Julian Soto":"Julian Soto","Maikol Solís":"Maikol Solís","Paula Jiménez":"Paula Jiménez","Jose Carlos":"Jose Carlos","Julián Soto":"Julián Soto","Paola María Espinoza Hernández":"Paola María Espinoza Hernández","Paula Jimenez":"Paula Jimenez"}}
