{"authorDailyContributionsMap":{"Maikol Solís":[{"date":"2025-08-14T00:00:00","commitResults":[{"hash":"db2cd7384cca3ccb1936f79610725f601d9fcc48","isMergeCommit":false,"messageTitle":"Initial commit","messageBody":"","fileTypesAndContributionMap":{"grupo-1":{"insertions":259,"deletions":0},"other":{"insertions":970,"deletions":0}}}]}]},"authorFileTypeContributionMap":{"Maikol Solís":{"grupo-1":259,"other":970}},"authorContributionVariance":{"Maikol Solís":48669.766},"authorDisplayNameMap":{"Maikol Solís":"Maikol Solís"}}
