{"authorDailyContributionsMap":{"PaolaEspH":[],"Jose-Carlos-Quintero":[],"jul-soto":[],"maria-jimenez-torres":[]},"authorFileTypeContributionMap":{"PaolaEspH":{},"Jose-Carlos-Quintero":{},"jul-soto":{},"maria-jimenez-torres":{}},"authorContributionVariance":{"PaolaEspH":0.0,"Jose-Carlos-Quintero":0.0,"jul-soto":0.0,"maria-jimenez-torres":0.0},"authorDisplayNameMap":{"PaolaEspH":"PaolaEspH","Jose-Carlos-Quintero":"Jose-Carlos-Quintero","jul-soto":"jul-soto","maria-jimenez-torres":"maria-jimenez-torres"}}
