{"authorDailyContributionsMap":{"PaolaEspH":[{"date":"2025-08-20T00:00:00","commitResults":[{"hash":"fd23a3969e247b213bfb5a13d2f81189b2c2afe8","isMergeCommit":false,"messageTitle":"feat: versión inicial de dashboard","messageBody":"","fileTypesAndContributionMap":{"Dockerfile":{"insertions":11,"deletions":0},"py":{"insertions":36,"deletions":0}}}]},{"date":"2025-08-22T00:00:00","commitResults":[{"hash":"73b2471da4b8b60f32ff8a03e7bf9d0e84805b5e","isMergeCommit":false,"messageTitle":"fix: documento escrito","messageBody":"","fileTypesAndContributionMap":{"Rmd":{"insertions":5,"deletions":8},"html":{"insertions":2822,"deletions":0}}},{"hash":"ee4efa42dc91b0147e44f49882b6450be81d0f68","isMergeCommit":false,"messageTitle":"feat: agrega daily","messageBody":"","fileTypesAndContributionMap":{"md":{"insertions":24,"deletions":10}}},{"hash":"8987e22e6dae638def3e7a95471e21b6fdd0ee72","isMergeCommit":false,"messageTitle":"feat: agrega html de dashboard","messageBody":"","fileTypesAndContributionMap":{"descarga":{"insertions":120341,"deletions":0},"html":{"insertions":1602,"deletions":0}}}]},{"date":"2025-08-31T00:00:00","commitResults":[{"hash":"8fdc7d4935eb96e1becf586588a1d758308ca209","isMergeCommit":false,"messageTitle":"fix: arreglos formato en documento escrito","messageBody":"","fileTypesAndContributionMap":{"csv":{"insertions":0,"deletions":0},"Rmd":{"insertions":8,"deletions":5}}},{"hash":"62cce1e6b68dc7bea263e59dbc7cf3a7e6f33aa1","isMergeCommit":false,"messageTitle":"feat: descripción inicial de los datos a utilizar","messageBody":"","fileTypesAndContributionMap":{"Rmd":{"insertions":16,"deletions":0}}}]},{"date":"2025-09-03T00:00:00","commitResults":[{"hash":"a063f9ed50f1aa4261482c22446650391bf71418","isMergeCommit":false,"messageTitle":"feat: agrega información del sprint 2","messageBody":"","fileTypesAndContributionMap":{"md":{"insertions":96,"deletions":40}}}]}],"Jose-Carlos-Quintero":[],"jul-soto":[{"date":"2025-08-20T00:00:00","commitResults":[{"hash":"5b74f6b81d2137ffad43d02d5713e52b2ab4befa","isMergeCommit":false,"messageTitle":"chore: actualizar gitignore","messageBody":"","fileTypesAndContributionMap":{"gitignore":{"insertions":1,"deletions":0}}}]}],"maria-jimenez-torres":[{"date":"2025-08-22T00:00:00","commitResults":[{"hash":"6b64f2a0eb36334b4b843ae1ff54596575434527","isMergeCommit":false,"messageTitle":"creación del documento escrito","messageBody":"","fileTypesAndContributionMap":{"Rmd":{"insertions":16,"deletions":0}}},{"hash":"d9a89977eee10986f856d4cf6c938513b2c783dc","isMergeCommit":false,"messageTitle":"feat: daily","messageBody":"","fileTypesAndContributionMap":{"md":{"insertions":4,"deletions":4}}},{"hash":"820c95bd3a8706d9343278490f24bd6b41cc1e6f","isMergeCommit":false,"messageTitle":"feat: presentación del sprint 1","messageBody":"","fileTypesAndContributionMap":{}}]}]},"authorFileTypeContributionMap":{"PaolaEspH":{"html":4420,"descarga":120281,"Dockerfile":11,"py":32,"Rmd":24,"md":106},"Jose-Carlos-Quintero":{},"jul-soto":{"gitignore":1},"maria-jimenez-torres":{"Rmd":8,"md":4}},"authorContributionVariance":{"PaolaEspH":6.2194848E8,"Jose-Carlos-Quintero":0.0,"jul-soto":0.03993055,"maria-jimenez-torres":23.0},"authorDisplayNameMap":{"PaolaEspH":"Paola Espinoza","Jose-Carlos-Quintero":"Jose Carlos Quintero","jul-soto":"Julián Soto","maria-jimenez-torres":"María Jiménez"}}
