{"authorDailyContributionsMap":{"PaolaEspH":[],"Jose-Carlos-Quintero":[],"jul-soto":[{"date":"2025-08-20T00:00:00","commitResults":[{"hash":"5b74f6b81d2137ffad43d02d5713e52b2ab4befa","isMergeCommit":false,"messageTitle":"chore: actualizar gitignore","messageBody":"","fileTypesAndContributionMap":{"gitignore":{"insertions":1,"deletions":0}}}]}],"maria-jimenez-torres":[]},"authorFileTypeContributionMap":{"PaolaEspH":{},"Jose-Carlos-Quintero":{},"jul-soto":{"gitignore":1},"maria-jimenez-torres":{}},"authorContributionVariance":{"PaolaEspH":0.0,"Jose-Carlos-Quintero":0.0,"jul-soto":0.031217484,"maria-jimenez-torres":0.0},"authorDisplayNameMap":{"PaolaEspH":"Paola Espinoza","Jose-Carlos-Quintero":"Jose Carlos Quintero","jul-soto":"Julián Soto","maria-jimenez-torres":"María Jiménez"}}
