{"authorDailyContributionsMap":{"PaolaEspH":[{"date":"2025-08-20T00:00:00","commitResults":[{"hash":"fd23a3969e247b213bfb5a13d2f81189b2c2afe8","isMergeCommit":false,"messageTitle":"feat: versión inicial de dashboard","messageBody":"","fileTypesAndContributionMap":{"Dockerfile":{"insertions":11,"deletions":0},"py":{"insertions":36,"deletions":0}}}]},{"date":"2025-08-22T00:00:00","commitResults":[{"hash":"73b2471da4b8b60f32ff8a03e7bf9d0e84805b5e","isMergeCommit":false,"messageTitle":"fix: documento escrito","messageBody":"","fileTypesAndContributionMap":{"Rmd":{"insertions":5,"deletions":8},"html":{"insertions":2822,"deletions":0}}},{"hash":"ee4efa42dc91b0147e44f49882b6450be81d0f68","isMergeCommit":false,"messageTitle":"feat: agrega daily","messageBody":"","fileTypesAndContributionMap":{"md":{"insertions":24,"deletions":10}}},{"hash":"8987e22e6dae638def3e7a95471e21b6fdd0ee72","isMergeCommit":false,"messageTitle":"feat: agrega html de dashboard","messageBody":"","fileTypesAndContributionMap":{"descarga":{"insertions":120341,"deletions":0},"html":{"insertions":1602,"deletions":0}}}]},{"date":"2025-08-31T00:00:00","commitResults":[{"hash":"8fdc7d4935eb96e1becf586588a1d758308ca209","isMergeCommit":false,"messageTitle":"fix: arreglos formato en documento escrito","messageBody":"","fileTypesAndContributionMap":{"csv":{"insertions":0,"deletions":0},"Rmd":{"insertions":8,"deletions":5}}},{"hash":"62cce1e6b68dc7bea263e59dbc7cf3a7e6f33aa1","isMergeCommit":false,"messageTitle":"feat: descripción inicial de los datos a utilizar","messageBody":"","fileTypesAndContributionMap":{"Rmd":{"insertions":16,"deletions":0}}}]},{"date":"2025-09-03T00:00:00","commitResults":[{"hash":"a063f9ed50f1aa4261482c22446650391bf71418","isMergeCommit":false,"messageTitle":"feat: agrega información del sprint 2","messageBody":"","fileTypesAndContributionMap":{"md":{"insertions":96,"deletions":40}}}]},{"date":"2025-09-05T00:00:00","commitResults":[{"hash":"c945c1c4ddd6a9b287c503d4ec74a4702f77efbb","isMergeCommit":false,"messageTitle":"feat: agrega último daily","messageBody":"","fileTypesAndContributionMap":{"md":{"insertions":23,"deletions":3}}},{"hash":"6663702623330b6bea072f54c2755ca38c8053ae","isMergeCommit":false,"messageTitle":"feat: mejora estética de dashboard, closes #32","messageBody":"","fileTypesAndContributionMap":{"Dockerfile":{"insertions":11,"deletions":3},"txt":{"insertions":2,"deletions":0},"json":{"insertions":51,"deletions":0},"py":{"insertions":48,"deletions":14},"docker":{"insertions":0,"deletions":0}}},{"hash":"d4fee02873d8e66afb6cb9db0ac4fdc2bc9ded62","isMergeCommit":false,"messageTitle":"fix: arregla descripción de datos","messageBody":"","fileTypesAndContributionMap":{"Rmd":{"insertions":2,"deletions":2}}},{"hash":"282fb48f2bb0f7ce5328d26993b6616a7b1af46b","isMergeCommit":false,"messageTitle":"feat: agrega marco teórico preliminar","messageBody":"","fileTypesAndContributionMap":{"Rmd":{"insertions":51,"deletions":12}}},{"hash":"d17b09ef0990d263b1645802d334df8bbafef51b","isMergeCommit":false,"messageTitle":"feat: agrega detalles de sprint 2","messageBody":"","fileTypesAndContributionMap":{"md":{"insertions":15,"deletions":17}}},{"hash":"ea0a4e2f7275382462ef4e25472ed9a6144b4551","isMergeCommit":false,"messageTitle":"feat: agrega retroalimentación de sprint","messageBody":"","fileTypesAndContributionMap":{"md":{"insertions":82,"deletions":77}}},{"hash":"85eb552f66a4e4c2331aa09f9b9f7338e0936da7","isMergeCommit":false,"messageTitle":"feat: agrega pdf de sprint 1 y 2 juntos","messageBody":"","fileTypesAndContributionMap":{"md":{"insertions":334,"deletions":0}}}]},{"date":"2025-09-19T00:00:00","commitResults":[{"hash":"b785721cc0eb957505dbacd992999aa15d4196ef","isMergeCommit":false,"messageTitle":"fix: arregla mapa","messageBody":"","fileTypesAndContributionMap":{"py":{"insertions":14,"deletions":17}}}]},{"date":"2025-09-21T00:00:00","commitResults":[{"hash":"dc2aa5c7340e995361c4cc6fb728410482740e1e","isMergeCommit":false,"messageTitle":"feat: agrega objetivos","messageBody":"","fileTypesAndContributionMap":{"Rmd":{"insertions":13,"deletions":0}}}]},{"date":"2025-09-23T00:00:00","commitResults":[{"hash":"9c92bb94f351e3978e2019135ab3f102d37f4101","isMergeCommit":false,"messageTitle":"fix: quitar comas y nas de dataframe","messageBody":"","fileTypesAndContributionMap":{"csv":{"insertions":938,"deletions":947},"py":{"insertions":17,"deletions":4},"ipynb":{"insertions":21,"deletions":2}}},{"hash":"ccd74018d8c0f81dd5f40816cd97feadba3c9c00","isMergeCommit":false,"messageTitle":"feat: agrega pruebas preliminares de uso de STAN","messageBody":"","fileTypesAndContributionMap":{"ipynb":{"insertions":943,"deletions":0}}}]}],"Jose-Carlos-Quintero":[{"date":"2025-08-21T00:00:00","commitResults":[{"hash":"7162017d4f315131bd81d6ec00f107a93a9c9bf5","isMergeCommit":false,"messageTitle":"feat: agregar base de datos sobre obesidad infantil","messageBody":"","fileTypesAndContributionMap":{"csv":{"insertions":473,"deletions":0}}}]},{"date":"2025-08-22T00:00:00","commitResults":[{"hash":"d50a70e93c5e18aa80afaf0ec25346b03b9d2cc8","isMergeCommit":false,"messageTitle":"feat: agregar la documentación preliminar del sprint 1","messageBody":"","fileTypesAndContributionMap":{"md":{"insertions":32,"deletions":21}}},{"hash":"58d34c90bdb1814211bdbb4e476df60e564a937e","isMergeCommit":false,"messageTitle":"fix: cambios en los puntajes de las historias","messageBody":"","fileTypesAndContributionMap":{"md":{"insertions":5,"deletions":5}}}]},{"date":"2025-08-23T00:00:00","commitResults":[{"hash":"e90bbe642a07e6e3bf524aca72a3d8c2d84fdb97","isMergeCommit":false,"messageTitle":"feat: agregar parte de revisión en clase y retrospectiva a sprint 1","messageBody":"","fileTypesAndContributionMap":{"md":{"insertions":32,"deletions":37}}}]},{"date":"2025-08-29T00:00:00","commitResults":[{"hash":"698b67f8702470063c014d8cf22c7c39b56c957f","isMergeCommit":false,"messageTitle":"feat: agregar tablas de datos crudas faltantes en data/raw","messageBody":"","fileTypesAndContributionMap":{"csv":{"insertions":946,"deletions":0}}},{"hash":"a6a0079cb27003e6f5114e796ece9b48a7c02352","isMergeCommit":false,"messageTitle":"feat: agregar modulo y script de carga y limpieza de las bases de datos, issue #7","messageBody":"","fileTypesAndContributionMap":{"py":{"insertions":250,"deletions":0}}},{"hash":"b7fa0ce1075d7e57eed0b65a36511fca9a10e5dd","isMergeCommit":false,"messageTitle":"feat: agregar base de datos limpia en data/clean, issue #7","messageBody":"","fileTypesAndContributionMap":{"csv":{"insertions":1417,"deletions":0}}}]},{"date":"2025-08-31T00:00:00","commitResults":[{"hash":"bf426790b811301df5d765dbc2dea4fb4dc33621","isMergeCommit":false,"messageTitle":"feat: agregar modulo de generacion de graficos con su script de prueba respectivo. Generar carpeta para guardar graficos como imagen. #8","messageBody":"","fileTypesAndContributionMap":{"py":{"insertions":520,"deletions":0}}}]},{"date":"2025-09-16T00:00:00","commitResults":[{"hash":"183f5d9dd6daea9e5495c5e16125d7f5ceff16f7","isMergeCommit":false,"messageTitle":"feat: agregar métodos para análisis estadístico descriptivo, agregar nuevas imágenes de gráficos y actualización del df limpio","messageBody":"","fileTypesAndContributionMap":{"csv":{"insertions":1416,"deletions":1416},"py":{"insertions":328,"deletions":47}}}]},{"date":"2025-09-17T00:00:00","commitResults":[{"hash":"64ad60baad8f28ff919f8a5ad3a1c4565eace763","isMergeCommit":false,"messageTitle":"feat: agregar inicio de analisis exploratorio de la base de datos","messageBody":"","fileTypesAndContributionMap":{"Rmd":{"insertions":21,"deletions":0}}}]},{"date":"2025-09-28T00:00:00","commitResults":[{"hash":"393d2498a74db028122534d5a10dad0369df5cc2","isMergeCommit":false,"messageTitle":"feat: agregar estimacion de la posterior del parametro de la prevalencia de sobrepeso/obesidad por metropolis hastings. inclusion de graficos relacionados. #71","messageBody":"","fileTypesAndContributionMap":{"csv":{"insertions":479,"deletions":479},"py":{"insertions":287,"deletions":0}}}]}],"jul-soto":[{"date":"2025-08-20T00:00:00","commitResults":[{"hash":"5b74f6b81d2137ffad43d02d5713e52b2ab4befa","isMergeCommit":false,"messageTitle":"chore: actualizar gitignore","messageBody":"","fileTypesAndContributionMap":{"gitignore":{"insertions":1,"deletions":0}}}]}],"maria-jimenez-torres":[{"date":"2025-08-22T00:00:00","commitResults":[{"hash":"6b64f2a0eb36334b4b843ae1ff54596575434527","isMergeCommit":false,"messageTitle":"creación del documento escrito","messageBody":"","fileTypesAndContributionMap":{"Rmd":{"insertions":16,"deletions":0}}},{"hash":"d9a89977eee10986f856d4cf6c938513b2c783dc","isMergeCommit":false,"messageTitle":"feat: daily","messageBody":"","fileTypesAndContributionMap":{"md":{"insertions":4,"deletions":4}}},{"hash":"820c95bd3a8706d9343278490f24bd6b41cc1e6f","isMergeCommit":false,"messageTitle":"feat: presentación del sprint 1","messageBody":"","fileTypesAndContributionMap":{}}]}]},"authorFileTypeContributionMap":{"PaolaEspH":{"json":51,"html":4420,"descarga":120288,"Dockerfile":19,"py":68,"txt":2,"csv":630,"Rmd":83,"ipynb":964,"md":485},"Jose-Carlos-Quintero":{"csv":2197,"Rmd":21,"md":60,"py":1334},"jul-soto":{"gitignore":1},"maria-jimenez-torres":{"Rmd":8,"md":4}},"authorContributionVariance":{"PaolaEspH":3.11202272E8,"Jose-Carlos-Quintero":363061.38,"jul-soto":0.01999169,"maria-jimenez-torres":11.5152235},"authorDisplayNameMap":{"PaolaEspH":"Paola Espinoza","Jose-Carlos-Quintero":"Jose Carlos Quintero","jul-soto":"Julián Soto","maria-jimenez-torres":"María Jiménez"}}
