{"authorDailyContributionsMap":{"PaolaEspH":[{"date":"2025-08-20T00:00:00","commitResults":[{"hash":"fd23a3969e247b213bfb5a13d2f81189b2c2afe8","isMergeCommit":false,"messageTitle":"feat: versión inicial de dashboard","messageBody":"","fileTypesAndContributionMap":{"Dockerfile":{"insertions":11,"deletions":0},"py":{"insertions":36,"deletions":0}}}]},{"date":"2025-08-22T00:00:00","commitResults":[{"hash":"73b2471da4b8b60f32ff8a03e7bf9d0e84805b5e","isMergeCommit":false,"messageTitle":"fix: documento escrito","messageBody":"","fileTypesAndContributionMap":{"Rmd":{"insertions":5,"deletions":8},"html":{"insertions":2822,"deletions":0}}},{"hash":"ee4efa42dc91b0147e44f49882b6450be81d0f68","isMergeCommit":false,"messageTitle":"feat: agrega daily","messageBody":"","fileTypesAndContributionMap":{"md":{"insertions":24,"deletions":10}}},{"hash":"8987e22e6dae638def3e7a95471e21b6fdd0ee72","isMergeCommit":false,"messageTitle":"feat: agrega html de dashboard","messageBody":"","fileTypesAndContributionMap":{"descarga":{"insertions":120341,"deletions":0},"html":{"insertions":1602,"deletions":0}}}]},{"date":"2025-08-31T00:00:00","commitResults":[{"hash":"8fdc7d4935eb96e1becf586588a1d758308ca209","isMergeCommit":false,"messageTitle":"fix: arreglos formato en documento escrito","messageBody":"","fileTypesAndContributionMap":{"csv":{"insertions":0,"deletions":0},"Rmd":{"insertions":8,"deletions":5}}},{"hash":"62cce1e6b68dc7bea263e59dbc7cf3a7e6f33aa1","isMergeCommit":false,"messageTitle":"feat: descripción inicial de los datos a utilizar","messageBody":"","fileTypesAndContributionMap":{"Rmd":{"insertions":16,"deletions":0}}}]},{"date":"2025-09-03T00:00:00","commitResults":[{"hash":"a063f9ed50f1aa4261482c22446650391bf71418","isMergeCommit":false,"messageTitle":"feat: agrega información del sprint 2","messageBody":"","fileTypesAndContributionMap":{"md":{"insertions":96,"deletions":40}}}]},{"date":"2025-09-05T00:00:00","commitResults":[{"hash":"c945c1c4ddd6a9b287c503d4ec74a4702f77efbb","isMergeCommit":false,"messageTitle":"feat: agrega último daily","messageBody":"","fileTypesAndContributionMap":{"md":{"insertions":23,"deletions":3}}},{"hash":"6663702623330b6bea072f54c2755ca38c8053ae","isMergeCommit":false,"messageTitle":"feat: mejora estética de dashboard, closes #32","messageBody":"","fileTypesAndContributionMap":{"Dockerfile":{"insertions":11,"deletions":3},"txt":{"insertions":2,"deletions":0},"json":{"insertions":51,"deletions":0},"py":{"insertions":48,"deletions":14},"docker":{"insertions":0,"deletions":0}}},{"hash":"d4fee02873d8e66afb6cb9db0ac4fdc2bc9ded62","isMergeCommit":false,"messageTitle":"fix: arregla descripción de datos","messageBody":"","fileTypesAndContributionMap":{"Rmd":{"insertions":2,"deletions":2}}},{"hash":"282fb48f2bb0f7ce5328d26993b6616a7b1af46b","isMergeCommit":false,"messageTitle":"feat: agrega marco teórico preliminar","messageBody":"","fileTypesAndContributionMap":{"Rmd":{"insertions":51,"deletions":12}}},{"hash":"d17b09ef0990d263b1645802d334df8bbafef51b","isMergeCommit":false,"messageTitle":"feat: agrega detalles de sprint 2","messageBody":"","fileTypesAndContributionMap":{"md":{"insertions":15,"deletions":17}}},{"hash":"ea0a4e2f7275382462ef4e25472ed9a6144b4551","isMergeCommit":false,"messageTitle":"feat: agrega retroalimentación de sprint","messageBody":"","fileTypesAndContributionMap":{"md":{"insertions":82,"deletions":77}}},{"hash":"85eb552f66a4e4c2331aa09f9b9f7338e0936da7","isMergeCommit":false,"messageTitle":"feat: agrega pdf de sprint 1 y 2 juntos","messageBody":"","fileTypesAndContributionMap":{"md":{"insertions":334,"deletions":0}}}]}],"Jose-Carlos-Quintero":[],"jul-soto":[{"date":"2025-08-20T00:00:00","commitResults":[{"hash":"5b74f6b81d2137ffad43d02d5713e52b2ab4befa","isMergeCommit":false,"messageTitle":"chore: actualizar gitignore","messageBody":"","fileTypesAndContributionMap":{"gitignore":{"insertions":1,"deletions":0}}}]}],"maria-jimenez-torres":[{"date":"2025-08-22T00:00:00","commitResults":[{"hash":"6b64f2a0eb36334b4b843ae1ff54596575434527","isMergeCommit":false,"messageTitle":"creación del documento escrito","messageBody":"","fileTypesAndContributionMap":{"Rmd":{"insertions":16,"deletions":0}}},{"hash":"d9a89977eee10986f856d4cf6c938513b2c783dc","isMergeCommit":false,"messageTitle":"feat: daily","messageBody":"","fileTypesAndContributionMap":{"md":{"insertions":4,"deletions":4}}},{"hash":"820c95bd3a8706d9343278490f24bd6b41cc1e6f","isMergeCommit":false,"messageTitle":"feat: presentación del sprint 1","messageBody":"","fileTypesAndContributionMap":{}}]}]},"authorFileTypeContributionMap":{"PaolaEspH":{"json":51,"html":4421,"descarga":120287,"Dockerfile":19,"py":63,"txt":2,"Rmd":71,"md":485},"Jose-Carlos-Quintero":{},"jul-soto":{"gitignore":1},"maria-jimenez-torres":{"Rmd":8,"md":4}},"authorContributionVariance":{"PaolaEspH":5.7577741E8,"Jose-Carlos-Quintero":0.0,"jul-soto":0.036982235,"maria-jimenez-torres":21.301765},"authorDisplayNameMap":{"PaolaEspH":"Paola Espinoza","Jose-Carlos-Quintero":"Jose Carlos Quintero","jul-soto":"Julián Soto","maria-jimenez-torres":"María Jiménez"}}
