{"authorDailyContributionsMap":{"GabrielValGuz":[],"DominickRodriguezTrejos":[],"Roberto-Peralta":[],"PaolaEspH":[],"Jose-Carlos-Quintero":[],"jul-soto":[],"Joseph101rom":[],"Steff-Montero":[],"maria-jimenez-torres":[],"cjuc":[],"JEIKEL195":[],"AndreyPrado":[],"gabosanabria04":[],"Diego-Vega-Viquez":[]},"authorFileTypeContributionMap":{"GabrielValGuz":{},"DominickRodriguezTrejos":{},"Roberto-Peralta":{},"PaolaEspH":{},"Jose-Carlos-Quintero":{},"jul-soto":{},"Joseph101rom":{},"Steff-Montero":{},"maria-jimenez-torres":{},"cjuc":{},"JEIKEL195":{},"AndreyPrado":{},"gabosanabria04":{},"Diego-Vega-Viquez":{}},"authorContributionVariance":{"GabrielValGuz":0.0,"DominickRodriguezTrejos":0.0,"Roberto-Peralta":0.0,"PaolaEspH":0.0,"Jose-Carlos-Quintero":0.0,"jul-soto":0.0,"Joseph101rom":0.0,"Steff-Montero":0.0,"maria-jimenez-torres":0.0,"cjuc":0.0,"JEIKEL195":0.0,"AndreyPrado":0.0,"gabosanabria04":0.0,"Diego-Vega-Viquez":0.0},"authorDisplayNameMap":{"GabrielValGuz":"GabrielValGuz","DominickRodriguezTrejos":"DominickRodriguezTrejos","Roberto-Peralta":"Roberto-Peralta","PaolaEspH":"PaolaEspH","Jose-Carlos-Quintero":"Jose-Carlos-Quintero","jul-soto":"jul-soto","Joseph101rom":"Joseph101rom","Steff-Montero":"Steff-Montero","maria-jimenez-torres":"maria-jimenez-torres","cjuc":"cjuc","JEIKEL195":"JEIKEL195","AndreyPrado":"AndreyPrado","gabosanabria04":"gabosanabria04","Diego-Vega-Viquez":"Diego-Vega-Viquez"}}
