{"authorDailyContributionsMap":{"pre-commit-ci[bot]":[{"date":"2025-08-19T00:00:00","commitResults":[{"hash":"a7df08fca5ee058a4b9d3f6732d0736b4c46cf46","isMergeCommit":false,"messageTitle":"chore(pre-commit): autoupdate hooks (#3)","messageBody":"* chore(pre-commit): autoupdate hooks\n\nupdates:\n- [github.com/pre-commit/pre-commit-hooks: v5.0.0 → v6.0.0](https://github.com/pre-commit/pre-commit-hooks/compare/v5.0.0...v6.0.0)\n\n* chore(pre-commit): autofix run\n\n---------\n\nCo-authored-by: pre-commit-ci[bot] \u003c66853113+pre-commit-ci[bot]@users.noreply.github.com\u003e","fileTypesAndContributionMap":{"gitignore":{"insertions":2,"deletions":2},"yaml":{"insertions":1,"deletions":1}}}]}],"Diego Alberto Vega Víquez":[{"date":"2025-08-20T00:00:00","commitResults":[{"hash":"e27752260948b511edcdf47fdf93c9b39bbada2a","isMergeCommit":false,"messageTitle":"feat: agrega base de datos bruta","messageBody":"","fileTypesAndContributionMap":{"lock":{"insertions":1190,"deletions":0}}},{"hash":"33b3524450b604e4e04583be95ac9b840795334f","isMergeCommit":false,"messageTitle":"feat: avanza el informe sprint_1.md","messageBody":"","fileTypesAndContributionMap":{"md":{"insertions":37,"deletions":13}}}]}]},"authorFileTypeContributionMap":{"pre-commit-ci[bot]":{"yaml":1},"Diego Alberto Vega Víquez":{"md":37,"lock":1190}},"authorContributionVariance":{"pre-commit-ci[bot]":3.2400002,"Diego Alberto Vega Víquez":138384.0},"authorDisplayNameMap":{"pre-commit-ci[bot]":"pre-commit-ci[bot]","Diego Alberto Vega Víquez":"Diego Alberto Vega Víquez"}}
