{"authorDailyContributionsMap":{"Roberto-Peralta":[],"JEIKEL195":[{"date":"2025-08-22T00:00:00","commitResults":[{"hash":"ec4b5716273ae2071760e6df13f8951f5a3443b5","isMergeCommit":false,"messageTitle":"feat: agrega primer referencia bibliográfica","messageBody":"","fileTypesAndContributionMap":{"qmd":{"insertions":15,"deletions":0}}},{"hash":"27b02b3a44bba193f3995b9f09aa7ef71ba28648","isMergeCommit":false,"messageTitle":"feat: agrega segunda referencia bibliográfica","messageBody":"","fileTypesAndContributionMap":{"qmd":{"insertions":9,"deletions":1}}},{"hash":"e93afa9c4affa181e67d9f8ec87af7fc22f4e499","isMergeCommit":false,"messageTitle":"feat: agrega referencia bibliográfica tres y cuatro","messageBody":"","fileTypesAndContributionMap":{"qmd":{"insertions":20,"deletions":0},"bib":{"insertions":29,"deletions":0}}},{"hash":"3a6793cbd8278787a240f4b777ecc48d038423e2","isMergeCommit":false,"messageTitle":"feat: agrega nueva referencia bibligráfica","messageBody":"","fileTypesAndContributionMap":{"qmd":{"insertions":11,"deletions":0},"bib":{"insertions":41,"deletions":0}}},{"hash":"0a80cbec55d428907a944da344e397178f58994b","isMergeCommit":false,"messageTitle":"feat: actualización del scrum","messageBody":"","fileTypesAndContributionMap":{"md":{"insertions":5,"deletions":5}}}]},{"date":"2025-08-29T00:00:00","commitResults":[{"hash":"318ac19c34e3b6270889a1c45ce04f6e3ee85eb6","isMergeCommit":false,"messageTitle":"feat: se agrega código de limpieza de la base de datos","messageBody":"","fileTypesAndContributionMap":{"R":{"insertions":34,"deletions":0}}},{"hash":"a7cb3380e2c639dca806fb6cd101cfc12aacad0d","isMergeCommit":false,"messageTitle":"feat: agrega tabla resumen","messageBody":"","fileTypesAndContributionMap":{}},{"hash":"013139558282bc95b20ba1eaee7df3f8a2fb4076","isMergeCommit":false,"messageTitle":"feat: agrega actualización del scrum","messageBody":"","fileTypesAndContributionMap":{"md":{"insertions":3,"deletions":3}}}]},{"date":"2025-09-19T00:00:00","commitResults":[{"hash":"b49d7d3d90e6f944a2b7dc84d2687ad70c110363","isMergeCommit":false,"messageTitle":"feat: se agrega código que realiza histogramas luego de realizar una transformación de los datos a log10","messageBody":"","fileTypesAndContributionMap":{"py":{"insertions":84,"deletions":0}}},{"hash":"2cf11262290e4a4f1cddf4b1af9424bce1b9f700","isMergeCommit":false,"messageTitle":"feat: se agrega al main los nuevos histogramas log10","messageBody":"","fileTypesAndContributionMap":{"py":{"insertions":14,"deletions":15}}},{"hash":"5c129c9d22a68280e18f2469f055b203a31de413","isMergeCommit":false,"messageTitle":"feat: se agregan los nuevos gráficos","messageBody":"","fileTypesAndContributionMap":{}}]}],"gabosanabria04":[],"Diego-Vega-Viquez":[{"date":"2025-08-20T00:00:00","commitResults":[{"hash":"e27752260948b511edcdf47fdf93c9b39bbada2a","isMergeCommit":false,"messageTitle":"feat: agrega base de datos bruta","messageBody":"","fileTypesAndContributionMap":{"lock":{"insertions":1190,"deletions":0}}},{"hash":"33b3524450b604e4e04583be95ac9b840795334f","isMergeCommit":false,"messageTitle":"feat: avanza el informe sprint_1.md","messageBody":"","fileTypesAndContributionMap":{"md":{"insertions":37,"deletions":13}}}]},{"date":"2025-08-21T00:00:00","commitResults":[{"hash":"1f5defa8d266cadf65cc004efcda9cd46eec82c6","isMergeCommit":false,"messageTitle":"feat: agregar módulo de limpieza de datos y configurar lectura del archivo Excel","messageBody":"","fileTypesAndContributionMap":{"csv":{"insertions":3793,"deletions":0},"py":{"insertions":79,"deletions":0}}},{"hash":"a9cb507634910b3fac4d98afb3eb65c42548333a","isMergeCommit":false,"messageTitle":"chore: eliminar archivos CSV temporales de datos crudos y limpios","messageBody":"","fileTypesAndContributionMap":{"csv":{"insertions":0,"deletions":0}}},{"hash":"71466b092f1d8106cea076954754de1b6c6acf5c","isMergeCommit":false,"messageTitle":"feat: agregar avance del reporte final con objetivos, tema y pregunta de investigacion","messageBody":"","fileTypesAndContributionMap":{"tex":{"insertions":266,"deletions":0}}}]},{"date":"2025-08-22T00:00:00","commitResults":[{"hash":"c84179aed34f9e0b48d5d2ac730570b35c7292be","isMergeCommit":false,"messageTitle":"fix: corrige la limpieza de datos en el src","messageBody":"","fileTypesAndContributionMap":{"Rhistory":{"insertions":2,"deletions":0},"other":{"insertions":0,"deletions":0},"csv":{"insertions":2,"deletions":1},"pper":{"insertions":31,"deletions":0},"py":{"insertions":42,"deletions":4},"saved_source_markers":{"insertions":1,"deletions":0}}},{"hash":"fd53f23bf98d449b41c6da95d426a4e340b54b3b","isMergeCommit":false,"messageTitle":"feat: actualiza el avance del reporte","messageBody":"","fileTypesAndContributionMap":{"bcf":{"insertions":3143,"deletions":0},"aux":{"insertions":31,"deletions":0},"xml":{"insertions":87,"deletions":0},"tex":{"insertions":73,"deletions":248},"fls":{"insertions":152,"deletions":0},"fdb_latexmk":{"insertions":89,"deletions":0}}},{"hash":"e0bf41d587dcedddfcbeafb1c9b926bd47803e60","isMergeCommit":false,"messageTitle":"fix: corrge renderizado del avance","messageBody":"","fileTypesAndContributionMap":{"bcf":{"insertions":0,"deletions":1},"aux":{"insertions":8,"deletions":5},"xml":{"insertions":2,"deletions":2},"tex":{"insertions":1,"deletions":1},"bib":{"insertions":1,"deletions":1},"blg":{"insertions":17,"deletions":0},"fls":{"insertions":7,"deletions":5},"bbl":{"insertions":148,"deletions":0},"fdb_latexmk":{"insertions":9,"deletions":11}}}]},{"date":"2025-08-29T00:00:00","commitResults":[{"hash":"6267cc57a17ff375f0f506f925b1ea28da505d5f","isMergeCommit":false,"messageTitle":"fix: corrge conflictos","messageBody":"","fileTypesAndContributionMap":{"bcf":{"insertions":0,"deletions":3142},"aux":{"insertions":0,"deletions":34},"gitignore":{"insertions":1,"deletions":0},"xml":{"insertions":0,"deletions":87},"tex":{"insertions":1,"deletions":1},"Rproj":{"insertions":13,"deletions":0},"qmd":{"insertions":13,"deletions":9},"py":{"insertions":60,"deletions":0},"blg":{"insertions":0,"deletions":17},"fls":{"insertions":0,"deletions":154},"fdb_latexmk":{"insertions":0,"deletions":87}}},{"hash":"c99b86cfe56e845bdab111450f71b18d0e0a0764","isMergeCommit":false,"messageTitle":"feat: agrega algunos graficos descriptivos","messageBody":"","fileTypesAndContributionMap":{"py":{"insertions":217,"deletions":4}}},{"hash":"639b458cba46fa97953a2ceba6fe76329fbf91a3","isMergeCommit":false,"messageTitle":"feat: agrega al daily del Sprint 2","messageBody":"","fileTypesAndContributionMap":{"md":{"insertions":3,"deletions":31}}}]},{"date":"2025-09-04T00:00:00","commitResults":[{"hash":"2ce2659ba80493673d7fb4bd14f9e24d93e57d8e","isMergeCommit":false,"messageTitle":"chore: revisa y corrige la redacción del marco teorico Sprint2","messageBody":"","fileTypesAndContributionMap":{"Rhistory":{"insertions":0,"deletions":0},"css":{"insertions":1,"deletions":0},"qmd":{"insertions":13,"deletions":20}}}]},{"date":"2025-09-05T00:00:00","commitResults":[{"hash":"c02c50eedee10ce97f5ff95ea8f8df134bc29c08","isMergeCommit":false,"messageTitle":"Agrega presentación","messageBody":"","fileTypesAndContributionMap":{}}]},{"date":"2025-09-19T00:00:00","commitResults":[{"hash":"9c90a41c693772fffdab5c3d23b9554354107209","isMergeCommit":false,"messageTitle":"feat: agrega análisis descriptivo","messageBody":"","fileTypesAndContributionMap":{"css":{"insertions":1,"deletions":0},"qmd":{"insertions":244,"deletions":0},"py":{"insertions":207,"deletions":0},"lock":{"insertions":1346,"deletions":4},"bib":{"insertions":233,"deletions":0},"toml":{"insertions":4,"deletions":0}}}]}]},"authorFileTypeContributionMap":{"Roberto-Peralta":{},"JEIKEL195":{"R":34,"qmd":54,"bib":69,"md":8,"py":94},"gabosanabria04":{},"Diego-Vega-Viquez":{"gitignore":1,"Rhistory":2,"pper":31,"saved_source_markers":1,"csv":3793,"bbl":148,"tex":91,"bib":234,"qmd":269,"css":2,"Rproj":13,"toml":4,"md":30,"py":585,"lock":2532}},"authorContributionVariance":{"Roberto-Peralta":0.0,"JEIKEL195":769.4247,"gabosanabria04":0.0,"Diego-Vega-Viquez":1221881.2},"authorDisplayNameMap":{"Roberto-Peralta":"Roberto Peralta","JEIKEL195":"Jeikel Navarro","gabosanabria04":"Gabriel Sanabria","Diego-Vega-Viquez":"Diego Vega"}}
