{"authorDailyContributionsMap":{"Roberto-Peralta":[],"JEIKEL195":[{"date":"2025-08-22T00:00:00","commitResults":[{"hash":"ec4b5716273ae2071760e6df13f8951f5a3443b5","isMergeCommit":false,"messageTitle":"feat: agrega primer referencia bibliográfica","messageBody":"","fileTypesAndContributionMap":{"qmd":{"insertions":15,"deletions":0}}},{"hash":"27b02b3a44bba193f3995b9f09aa7ef71ba28648","isMergeCommit":false,"messageTitle":"feat: agrega segunda referencia bibliográfica","messageBody":"","fileTypesAndContributionMap":{"qmd":{"insertions":9,"deletions":1}}},{"hash":"e93afa9c4affa181e67d9f8ec87af7fc22f4e499","isMergeCommit":false,"messageTitle":"feat: agrega referencia bibliográfica tres y cuatro","messageBody":"","fileTypesAndContributionMap":{"qmd":{"insertions":20,"deletions":0},"bib":{"insertions":29,"deletions":0}}},{"hash":"3a6793cbd8278787a240f4b777ecc48d038423e2","isMergeCommit":false,"messageTitle":"feat: agrega nueva referencia bibligráfica","messageBody":"","fileTypesAndContributionMap":{"qmd":{"insertions":11,"deletions":0},"bib":{"insertions":41,"deletions":0}}},{"hash":"0a80cbec55d428907a944da344e397178f58994b","isMergeCommit":false,"messageTitle":"feat: actualización del scrum","messageBody":"","fileTypesAndContributionMap":{"md":{"insertions":5,"deletions":5}}}]}],"gabosanabria04":[],"Diego-Vega-Viquez":[{"date":"2025-08-20T00:00:00","commitResults":[{"hash":"e27752260948b511edcdf47fdf93c9b39bbada2a","isMergeCommit":false,"messageTitle":"feat: agrega base de datos bruta","messageBody":"","fileTypesAndContributionMap":{"lock":{"insertions":1190,"deletions":0}}},{"hash":"33b3524450b604e4e04583be95ac9b840795334f","isMergeCommit":false,"messageTitle":"feat: avanza el informe sprint_1.md","messageBody":"","fileTypesAndContributionMap":{"md":{"insertions":37,"deletions":13}}}]},{"date":"2025-08-21T00:00:00","commitResults":[{"hash":"1f5defa8d266cadf65cc004efcda9cd46eec82c6","isMergeCommit":false,"messageTitle":"feat: agregar módulo de limpieza de datos y configurar lectura del archivo Excel","messageBody":"","fileTypesAndContributionMap":{"csv":{"insertions":3793,"deletions":0},"py":{"insertions":79,"deletions":0}}},{"hash":"a9cb507634910b3fac4d98afb3eb65c42548333a","isMergeCommit":false,"messageTitle":"chore: eliminar archivos CSV temporales de datos crudos y limpios","messageBody":"","fileTypesAndContributionMap":{"csv":{"insertions":0,"deletions":0}}},{"hash":"71466b092f1d8106cea076954754de1b6c6acf5c","isMergeCommit":false,"messageTitle":"feat: agregar avance del reporte final con objetivos, tema y pregunta de investigacion","messageBody":"","fileTypesAndContributionMap":{"tex":{"insertions":266,"deletions":0}}}]},{"date":"2025-08-22T00:00:00","commitResults":[{"hash":"c84179aed34f9e0b48d5d2ac730570b35c7292be","isMergeCommit":false,"messageTitle":"fix: corrige la limpieza de datos en el src","messageBody":"","fileTypesAndContributionMap":{"Rhistory":{"insertions":2,"deletions":0},"other":{"insertions":0,"deletions":0},"csv":{"insertions":2,"deletions":1},"pper":{"insertions":31,"deletions":0},"py":{"insertions":42,"deletions":4},"saved_source_markers":{"insertions":1,"deletions":0}}},{"hash":"fd53f23bf98d449b41c6da95d426a4e340b54b3b","isMergeCommit":false,"messageTitle":"feat: actualiza el avance del reporte","messageBody":"","fileTypesAndContributionMap":{"bcf":{"insertions":3143,"deletions":0},"aux":{"insertions":31,"deletions":0},"xml":{"insertions":87,"deletions":0},"tex":{"insertions":73,"deletions":248},"fls":{"insertions":152,"deletions":0},"fdb_latexmk":{"insertions":89,"deletions":0}}},{"hash":"e0bf41d587dcedddfcbeafb1c9b926bd47803e60","isMergeCommit":false,"messageTitle":"fix: corrge renderizado del avance","messageBody":"","fileTypesAndContributionMap":{"bcf":{"insertions":0,"deletions":1},"aux":{"insertions":8,"deletions":5},"xml":{"insertions":2,"deletions":2},"tex":{"insertions":1,"deletions":1},"bib":{"insertions":1,"deletions":1},"blg":{"insertions":17,"deletions":0},"fls":{"insertions":7,"deletions":5},"bbl":{"insertions":148,"deletions":0},"fdb_latexmk":{"insertions":9,"deletions":11}}}]}]},"authorFileTypeContributionMap":{"Roberto-Peralta":{},"JEIKEL195":{"qmd":54,"bib":69,"md":5},"gabosanabria04":{},"Diego-Vega-Viquez":{"Rhistory":2,"pper":31,"saved_source_markers":1,"csv":3794,"aux":34,"bbl":148,"bcf":3142,"blg":17,"fdb_latexmk":87,"fls":154,"xml":87,"tex":91,"bib":1,"md":27,"py":117,"lock":1190}},"authorContributionVariance":{"Roberto-Peralta":0.0,"JEIKEL195":1412.8888,"gabosanabria04":0.0,"Diego-Vega-Viquez":2345890.2},"authorDisplayNameMap":{"Roberto-Peralta":"Roberto Peralta","JEIKEL195":"Jeikel Navarro","gabosanabria04":"Gabriel Sanabria","Diego-Vega-Viquez":"Diego Vega"}}
