{"authorDailyContributionsMap":{"pre-commit-ci[bot]":[{"date":"2025-08-19T00:00:00","commitResults":[{"hash":"a7df08fca5ee058a4b9d3f6732d0736b4c46cf46","isMergeCommit":false,"messageTitle":"chore(pre-commit): autoupdate hooks (#3)","messageBody":"* chore(pre-commit): autoupdate hooks\n\nupdates:\n- [github.com/pre-commit/pre-commit-hooks: v5.0.0 → v6.0.0](https://github.com/pre-commit/pre-commit-hooks/compare/v5.0.0...v6.0.0)\n\n* chore(pre-commit): autofix run\n\n---------\n\nCo-authored-by: pre-commit-ci[bot] \u003c66853113+pre-commit-ci[bot]@users.noreply.github.com\u003e","fileTypesAndContributionMap":{"gitignore":{"insertions":2,"deletions":2},"yaml":{"insertions":1,"deletions":1}}}]}]},"authorFileTypeContributionMap":{"pre-commit-ci[bot]":{"yaml":1}},"authorContributionVariance":{"pre-commit-ci[bot]":1.0898438},"authorDisplayNameMap":{"pre-commit-ci[bot]":"pre-commit-ci[bot]"}}
