{"authorDailyContributionsMap":{"Gabriel Sanabria":[{"date":"2025-08-21T00:00:00","commitResults":[{"hash":"5720c44d5ad55149e0f85d327a83f254a2f0cf0c","isMergeCommit":false,"messageTitle":"feat: Agregar Tarea 2 de Sprint 1 (QMD)","messageBody":"","fileTypesAndContributionMap":{"qmd":{"insertions":63,"deletions":0}}}]},{"date":"2025-08-22T00:00:00","commitResults":[{"hash":"7711485a6e17994dd4140a31c3ed71627905bc7e","isMergeCommit":false,"messageTitle":"fix: arreglos en objetivos","messageBody":"","fileTypesAndContributionMap":{"qmd":{"insertions":10,"deletions":2}}},{"hash":"4a6f349abfad477e2cdb6db8c01c30b8c9c7fa3b","isMergeCommit":false,"messageTitle":"feat: agregar referencias","messageBody":"","fileTypesAndContributionMap":{"bib":{"insertions":24,"deletions":0}}},{"hash":"531badfd0ff751f2bf1a45e5c7108d9a42097fdf","isMergeCommit":false,"messageTitle":"fix: arreglo de referencias y Tarea 2","messageBody":"","fileTypesAndContributionMap":{"qmd":{"insertions":3,"deletions":0}}},{"hash":"d560e239aa232c48cd307edfef2c87098b166670","isMergeCommit":false,"messageTitle":"feat: agregar historial de trabajo","messageBody":"","fileTypesAndContributionMap":{"md":{"insertions":11,"deletions":12}}}]},{"date":"2025-08-27T00:00:00","commitResults":[{"hash":"e12f2f7417341f26d096ef7dee614d0d9f98c78f","isMergeCommit":false,"messageTitle":"feat: agregar información del sprint 2","messageBody":"","fileTypesAndContributionMap":{"md":{"insertions":31,"deletions":19}}}]},{"date":"2025-08-28T00:00:00","commitResults":[{"hash":"6eb3589ae69c082ef4658857ef7e04c4de174eb4","isMergeCommit":false,"messageTitle":"feat: agregar referencias","messageBody":"","fileTypesAndContributionMap":{"bib":{"insertions":139,"deletions":0}}},{"hash":"aa05bee31a30b0acc4af9342b524ae684df0ae9f","isMergeCommit":false,"messageTitle":"feat: agregar carpeta de Sprint 2","messageBody":"","fileTypesAndContributionMap":{"qmd":{"insertions":124,"deletions":0}}}]},{"date":"2025-08-29T00:00:00","commitResults":[{"hash":"36986a90148641d2bd39ab3d87158643b71dfed1","isMergeCommit":false,"messageTitle":"feat: agregar referencias","messageBody":"","fileTypesAndContributionMap":{"bib":{"insertions":233,"deletions":0}}}]},{"date":"2025-10-02T00:00:00","commitResults":[{"hash":"0e34050e9772c4272514f571168cdcee878551c6","isMergeCommit":false,"messageTitle":"chore: normalizar finales de línea (LF)","messageBody":"","fileTypesAndContributionMap":{"gitignore":{"insertions":1,"deletions":0},"csv":{"insertions":52,"deletions":0},"md":{"insertions":20,"deletions":0},"py":{"insertions":345,"deletions":0},"qmd":{"insertions":3,"deletions":3}}}]}],"pre-commit-ci[bot]":[{"date":"2025-08-19T00:00:00","commitResults":[{"hash":"a7df08fca5ee058a4b9d3f6732d0736b4c46cf46","isMergeCommit":false,"messageTitle":"chore(pre-commit): autoupdate hooks (#3)","messageBody":"* chore(pre-commit): autoupdate hooks\n\nupdates:\n- [github.com/pre-commit/pre-commit-hooks: v5.0.0 → v6.0.0](https://github.com/pre-commit/pre-commit-hooks/compare/v5.0.0...v6.0.0)\n\n* chore(pre-commit): autofix run\n\n---------\n\nCo-authored-by: pre-commit-ci[bot] \u003c66853113+pre-commit-ci[bot]@users.noreply.github.com\u003e","fileTypesAndContributionMap":{"gitignore":{"insertions":2,"deletions":2},"yaml":{"insertions":1,"deletions":1}}}]},{"date":"2025-08-27T00:00:00","commitResults":[{"hash":"fd7ee590242eaed65e992090ce62f0ee29eb7d03","isMergeCommit":false,"messageTitle":"chore(pre-commit): autofix run","messageBody":"","fileTypesAndContributionMap":{"qmd":{"insertions":0,"deletions":1}}}]},{"date":"2025-08-29T00:00:00","commitResults":[{"hash":"9b1eb7201d3dcff46784454c05dc26b8d4252c04","isMergeCommit":false,"messageTitle":"chore(pre-commit): autoupdate hooks","messageBody":"updates:\n- [github.com/astral-sh/ruff-pre-commit: v0.12.9 → v0.12.10](https://github.com/astral-sh/ruff-pre-commit/compare/v0.12.9...v0.12.10)\n","fileTypesAndContributionMap":{"yaml":{"insertions":1,"deletions":1}}}]},{"date":"2025-09-04T00:00:00","commitResults":[{"hash":"9f1a52ab4fc658119a1e2707ad4b473471aa1e3e","isMergeCommit":false,"messageTitle":"chore(pre-commit): autoupdate hooks","messageBody":"updates:\n- [github.com/astral-sh/ruff-pre-commit: v0.12.10 → v0.12.11](https://github.com/astral-sh/ruff-pre-commit/compare/v0.12.10...v0.12.11)\n","fileTypesAndContributionMap":{"yaml":{"insertions":1,"deletions":1}}}]},{"date":"2025-09-19T00:00:00","commitResults":[{"hash":"2366f4d9f21c0213fa65984c7fb215090648cc69","isMergeCommit":false,"messageTitle":"chore(pre-commit): autofix run","messageBody":"","fileTypesAndContributionMap":{"py":{"insertions":13,"deletions":13}}}]},{"date":"2025-10-02T00:00:00","commitResults":[{"hash":"94d99906bb16e0520dc69b16918e660057a19288","isMergeCommit":false,"messageTitle":"chore(pre-commit): autofix run","messageBody":"","fileTypesAndContributionMap":{"py":{"insertions":9,"deletions":9}}},{"hash":"a2f5dea1f202113b7082862dab2121354d4cfeb4","isMergeCommit":false,"messageTitle":"chore(pre-commit): autofix run","messageBody":"","fileTypesAndContributionMap":{"py":{"insertions":0,"deletions":3}}},{"hash":"cabe3c8fc2f59ee655b2349fad3f610e775d02b8","isMergeCommit":false,"messageTitle":"chore(pre-commit): autofix run","messageBody":"","fileTypesAndContributionMap":{"py":{"insertions":0,"deletions":1}}},{"hash":"7d80b917a687635694d94bbc5624e6ca384b9a9a","isMergeCommit":false,"messageTitle":"chore(pre-commit): autofix run","messageBody":"","fileTypesAndContributionMap":{"py":{"insertions":1,"deletions":1}}},{"hash":"224bf8b395ab143e1bd3e2185d5a4228874ddf04","isMergeCommit":false,"messageTitle":"chore(pre-commit): autofix run","messageBody":"","fileTypesAndContributionMap":{"py":{"insertions":0,"deletions":1}}}]},{"date":"2025-10-03T00:00:00","commitResults":[{"hash":"298359963d3ff9d6919179ab7bf9ee93e18c07e9","isMergeCommit":false,"messageTitle":"chore(pre-commit): autofix run","messageBody":"","fileTypesAndContributionMap":{"Rmd":{"insertions":20,"deletions":21}}},{"hash":"ea80050fe72cb2f61cb383ae48c75651366b17bd","isMergeCommit":false,"messageTitle":"chore(pre-commit): autoupdate hooks","messageBody":"updates:\n- [github.com/astral-sh/ruff-pre-commit: v0.12.11 → v0.13.2](https://github.com/astral-sh/ruff-pre-commit/compare/v0.12.11...v0.13.2)\n","fileTypesAndContributionMap":{"yaml":{"insertions":1,"deletions":1}}},{"hash":"c7cacd5bae77911ff6272a35ac72117fb1912639","isMergeCommit":false,"messageTitle":"chore(pre-commit): autofix run","messageBody":"","fileTypesAndContributionMap":{"qmd":{"insertions":2,"deletions":2},"py":{"insertions":17,"deletions":12},"bib":{"insertions":0,"deletions":1}}},{"hash":"8c6c99ec0ebf1cd5c0794e2f81eb4f9c35902f5b","isMergeCommit":false,"messageTitle":"chore(pre-commit): autofix run","messageBody":"","fileTypesAndContributionMap":{"qmd":{"insertions":2,"deletions":2}}}]},{"date":"2025-10-16T00:00:00","commitResults":[{"hash":"f75a2f8b9d0484047da18a25885764dce908b2d7","isMergeCommit":false,"messageTitle":"chore(pre-commit): autofix run","messageBody":"","fileTypesAndContributionMap":{"bib":{"insertions":0,"deletions":1}}}]}],"Maikol Solís":[{"date":"2025-08-14T00:00:00","commitResults":[{"hash":"e6a44a9142809385e58e4b3d1eab882ecc94b18a","isMergeCommit":false,"messageTitle":"Initial commit","messageBody":"","fileTypesAndContributionMap":{"txt":{"insertions":1,"deletions":0},"other":{"insertions":1,"deletions":0},"gitignore":{"insertions":207,"deletions":0},"tex":{"insertions":0,"deletions":0},"md":{"insertions":903,"deletions":0},"csv":{"insertions":0,"deletions":0},"py":{"insertions":6,"deletions":0},"ipynb":{"insertions":21,"deletions":0},"toml":{"insertions":18,"deletions":0},"LICENSE":{"insertions":21,"deletions":0},"yaml":{"insertions":51,"deletions":0}}}]}],"GabrielSanabriaA":[{"date":"2025-08-21T00:00:00","commitResults":[{"hash":"b929aa1f398b92829eaea2dbdc8d598ccf687b3b","isMergeCommit":false,"messageTitle":"feat: agregar carpeta Sprint_1 con README","messageBody":"","fileTypesAndContributionMap":{"md":{"insertions":1,"deletions":0}}}]}],"Andy Roberto Peralta Duarte":[{"date":"2025-08-29T00:00:00","commitResults":[{"hash":"6337f67cdb6c5033742279e309d5004aeefe7362","isMergeCommit":false,"messageTitle":"docs: agrega descripción de la base","messageBody":"","fileTypesAndContributionMap":{"qmd":{"insertions":28,"deletions":0}}},{"hash":"9f69389c671bda24e4c96ffb8a6cc1ef010f5e7e","isMergeCommit":false,"messageTitle":"docs: arreglo formato documento","messageBody":"","fileTypesAndContributionMap":{"qmd":{"insertions":1,"deletions":1}}}]},{"date":"2025-10-03T00:00:00","commitResults":[{"hash":"4f10a93044786affa37ead29d1eb45e6ad888139","isMergeCommit":false,"messageTitle":"docs: añade documentos para sprint 4 de Roberto","messageBody":"","fileTypesAndContributionMap":{"Rmd":{"insertions":119,"deletions":0}}},{"hash":"78734ad3c1e6cff4fd0dfdc5269e31911e7a91e5","isMergeCommit":false,"messageTitle":"docs: agrega Limitaciones","messageBody":"","fileTypesAndContributionMap":{"qmd":{"insertions":5,"deletions":0}}}]},{"date":"2025-10-16T00:00:00","commitResults":[{"hash":"42ee8ec9b3f723c30822dc11bc0763be8e766693","isMergeCommit":false,"messageTitle":"docs: agrega gráficos de cópulas","messageBody":"","fileTypesAndContributionMap":{}}]}],"Diego Alberto Vega Víquez":[{"date":"2025-08-20T00:00:00","commitResults":[{"hash":"e27752260948b511edcdf47fdf93c9b39bbada2a","isMergeCommit":false,"messageTitle":"feat: agrega base de datos bruta","messageBody":"","fileTypesAndContributionMap":{"lock":{"insertions":1190,"deletions":0}}},{"hash":"33b3524450b604e4e04583be95ac9b840795334f","isMergeCommit":false,"messageTitle":"feat: avanza el informe sprint_1.md","messageBody":"","fileTypesAndContributionMap":{"md":{"insertions":37,"deletions":13}}}]},{"date":"2025-08-21T00:00:00","commitResults":[{"hash":"1f5defa8d266cadf65cc004efcda9cd46eec82c6","isMergeCommit":false,"messageTitle":"feat: agregar módulo de limpieza de datos y configurar lectura del archivo Excel","messageBody":"","fileTypesAndContributionMap":{"csv":{"insertions":3793,"deletions":0},"py":{"insertions":79,"deletions":0}}},{"hash":"a9cb507634910b3fac4d98afb3eb65c42548333a","isMergeCommit":false,"messageTitle":"chore: eliminar archivos CSV temporales de datos crudos y limpios","messageBody":"","fileTypesAndContributionMap":{"csv":{"insertions":0,"deletions":0}}},{"hash":"71466b092f1d8106cea076954754de1b6c6acf5c","isMergeCommit":false,"messageTitle":"feat: agregar avance del reporte final con objetivos, tema y pregunta de investigacion","messageBody":"","fileTypesAndContributionMap":{"tex":{"insertions":266,"deletions":0}}}]},{"date":"2025-08-22T00:00:00","commitResults":[{"hash":"c84179aed34f9e0b48d5d2ac730570b35c7292be","isMergeCommit":false,"messageTitle":"fix: corrige la limpieza de datos en el src","messageBody":"","fileTypesAndContributionMap":{"Rhistory":{"insertions":2,"deletions":0},"other":{"insertions":0,"deletions":0},"csv":{"insertions":2,"deletions":1},"pper":{"insertions":31,"deletions":0},"py":{"insertions":42,"deletions":4},"saved_source_markers":{"insertions":1,"deletions":0}}},{"hash":"fd53f23bf98d449b41c6da95d426a4e340b54b3b","isMergeCommit":false,"messageTitle":"feat: actualiza el avance del reporte","messageBody":"","fileTypesAndContributionMap":{"bcf":{"insertions":3143,"deletions":0},"aux":{"insertions":31,"deletions":0},"xml":{"insertions":87,"deletions":0},"tex":{"insertions":73,"deletions":248},"fls":{"insertions":152,"deletions":0},"fdb_latexmk":{"insertions":89,"deletions":0}}},{"hash":"e0bf41d587dcedddfcbeafb1c9b926bd47803e60","isMergeCommit":false,"messageTitle":"fix: corrge renderizado del avance","messageBody":"","fileTypesAndContributionMap":{"bcf":{"insertions":0,"deletions":1},"aux":{"insertions":8,"deletions":5},"xml":{"insertions":2,"deletions":2},"tex":{"insertions":1,"deletions":1},"bib":{"insertions":1,"deletions":1},"blg":{"insertions":17,"deletions":0},"fls":{"insertions":7,"deletions":5},"bbl":{"insertions":148,"deletions":0},"fdb_latexmk":{"insertions":9,"deletions":11}}}]},{"date":"2025-08-29T00:00:00","commitResults":[{"hash":"6267cc57a17ff375f0f506f925b1ea28da505d5f","isMergeCommit":false,"messageTitle":"fix: corrge conflictos","messageBody":"","fileTypesAndContributionMap":{"bcf":{"insertions":0,"deletions":3142},"aux":{"insertions":0,"deletions":34},"gitignore":{"insertions":1,"deletions":0},"xml":{"insertions":0,"deletions":87},"tex":{"insertions":1,"deletions":1},"Rproj":{"insertions":13,"deletions":0},"qmd":{"insertions":13,"deletions":9},"py":{"insertions":60,"deletions":0},"blg":{"insertions":0,"deletions":17},"fls":{"insertions":0,"deletions":154},"fdb_latexmk":{"insertions":0,"deletions":87}}},{"hash":"c99b86cfe56e845bdab111450f71b18d0e0a0764","isMergeCommit":false,"messageTitle":"feat: agrega algunos graficos descriptivos","messageBody":"","fileTypesAndContributionMap":{"py":{"insertions":217,"deletions":4}}},{"hash":"639b458cba46fa97953a2ceba6fe76329fbf91a3","isMergeCommit":false,"messageTitle":"feat: agrega al daily del Sprint 2","messageBody":"","fileTypesAndContributionMap":{"md":{"insertions":3,"deletions":31}}}]},{"date":"2025-09-04T00:00:00","commitResults":[{"hash":"2ce2659ba80493673d7fb4bd14f9e24d93e57d8e","isMergeCommit":false,"messageTitle":"chore: revisa y corrige la redacción del marco teorico Sprint2","messageBody":"","fileTypesAndContributionMap":{"Rhistory":{"insertions":0,"deletions":0},"css":{"insertions":1,"deletions":0},"qmd":{"insertions":13,"deletions":20}}}]},{"date":"2025-09-19T00:00:00","commitResults":[{"hash":"9c90a41c693772fffdab5c3d23b9554354107209","isMergeCommit":false,"messageTitle":"feat: agrega análisis descriptivo","messageBody":"","fileTypesAndContributionMap":{"css":{"insertions":1,"deletions":0},"qmd":{"insertions":244,"deletions":0},"py":{"insertions":207,"deletions":0},"lock":{"insertions":1346,"deletions":4},"bib":{"insertions":233,"deletions":0},"toml":{"insertions":4,"deletions":0}}}]},{"date":"2025-10-02T00:00:00","commitResults":[{"hash":"157409f7b251ae4edf355a49944bd6582aaf8f94","isMergeCommit":false,"messageTitle":"feat: agrega los gráficos para el sprint 4","messageBody":"","fileTypesAndContributionMap":{"py":{"insertions":163,"deletions":0}}},{"hash":"43340092a1b159e2d94d948d7d1086e4f358205b","isMergeCommit":false,"messageTitle":"chore: revisa y corrige la redacción del marco teorico Sprint2","messageBody":"","fileTypesAndContributionMap":{}},{"hash":"ff388bd2380127e884a25a9e4e83842ae719135c","isMergeCommit":false,"messageTitle":"feat: corrige conflictos con el commit de gabo","messageBody":"","fileTypesAndContributionMap":{"py":{"insertions":19,"deletions":0}}},{"hash":"e76cd5ac4558319172c1b21e8e69f88e4c7c27ed","isMergeCommit":false,"messageTitle":"feat: agrega los gráficos para el sprint 4","messageBody":"","fileTypesAndContributionMap":{"py":{"insertions":16,"deletions":0}}},{"hash":"dfc38213a8b179045d902806e9230698508e2c30","isMergeCommit":false,"messageTitle":"feat: agrega el documento escrito del sprint 4","messageBody":"","fileTypesAndContributionMap":{"Rhistory":{"insertions":1,"deletions":0},"css":{"insertions":1,"deletions":0},"qmd":{"insertions":273,"deletions":0},"bib":{"insertions":233,"deletions":0}}},{"hash":"225a60f203a762c9c974b192ec8f7efed6764868","isMergeCommit":false,"messageTitle":"fix: elimina funciones duplicadas que causaban redefinición (F811)","messageBody":"","fileTypesAndContributionMap":{"py":{"insertions":0,"deletions":83}}},{"hash":"69eaebdf9c6f8a8e75b49367a1c4286a977a7b5d","isMergeCommit":false,"messageTitle":"feat: agrega los gráficos para el sprint 4 (sin PDF grande)","messageBody":"","fileTypesAndContributionMap":{"py":{"insertions":17,"deletions":1}}},{"hash":"0ba5aa2228e5cc87d0cd8f2ddfc39fe506c47d26","isMergeCommit":false,"messageTitle":"feat: agrega los gráficos para el sprint 4","messageBody":"","fileTypesAndContributionMap":{"py":{"insertions":0,"deletions":11}}},{"hash":"32d928187175b7b0334d17047eeb08a684fc7094","isMergeCommit":false,"messageTitle":"feat: agrega los gráficos para el sprint 4 (sin PDF grande)","messageBody":"","fileTypesAndContributionMap":{"py":{"insertions":10,"deletions":0}}},{"hash":"a4c6d99937a7978e1fcaf1078332ef8e7f750202","isMergeCommit":false,"messageTitle":"feat: agrega los gráficos para el sprint 4","messageBody":"","fileTypesAndContributionMap":{"py":{"insertions":3,"deletions":10}}}]}],"Jeikel Navarro":[{"date":"2025-08-22T00:00:00","commitResults":[{"hash":"ec4b5716273ae2071760e6df13f8951f5a3443b5","isMergeCommit":false,"messageTitle":"feat: agrega primer referencia bibliográfica","messageBody":"","fileTypesAndContributionMap":{"qmd":{"insertions":15,"deletions":0}}},{"hash":"27b02b3a44bba193f3995b9f09aa7ef71ba28648","isMergeCommit":false,"messageTitle":"feat: agrega segunda referencia bibliográfica","messageBody":"","fileTypesAndContributionMap":{"qmd":{"insertions":9,"deletions":1}}},{"hash":"e93afa9c4affa181e67d9f8ec87af7fc22f4e499","isMergeCommit":false,"messageTitle":"feat: agrega referencia bibliográfica tres y cuatro","messageBody":"","fileTypesAndContributionMap":{"qmd":{"insertions":20,"deletions":0},"bib":{"insertions":29,"deletions":0}}},{"hash":"3a6793cbd8278787a240f4b777ecc48d038423e2","isMergeCommit":false,"messageTitle":"feat: agrega nueva referencia bibligráfica","messageBody":"","fileTypesAndContributionMap":{"qmd":{"insertions":11,"deletions":0},"bib":{"insertions":41,"deletions":0}}},{"hash":"0a80cbec55d428907a944da344e397178f58994b","isMergeCommit":false,"messageTitle":"feat: actualización del scrum","messageBody":"","fileTypesAndContributionMap":{"md":{"insertions":5,"deletions":5}}}]},{"date":"2025-08-29T00:00:00","commitResults":[{"hash":"318ac19c34e3b6270889a1c45ce04f6e3ee85eb6","isMergeCommit":false,"messageTitle":"feat: se agrega código de limpieza de la base de datos","messageBody":"","fileTypesAndContributionMap":{"R":{"insertions":34,"deletions":0}}},{"hash":"a7cb3380e2c639dca806fb6cd101cfc12aacad0d","isMergeCommit":false,"messageTitle":"feat: agrega tabla resumen","messageBody":"","fileTypesAndContributionMap":{}},{"hash":"013139558282bc95b20ba1eaee7df3f8a2fb4076","isMergeCommit":false,"messageTitle":"feat: agrega actualización del scrum","messageBody":"","fileTypesAndContributionMap":{"md":{"insertions":3,"deletions":3}}}]},{"date":"2025-09-19T00:00:00","commitResults":[{"hash":"b49d7d3d90e6f944a2b7dc84d2687ad70c110363","isMergeCommit":false,"messageTitle":"feat: se agrega código que realiza histogramas luego de realizar una transformación de los datos a log10","messageBody":"","fileTypesAndContributionMap":{"py":{"insertions":84,"deletions":0}}},{"hash":"2cf11262290e4a4f1cddf4b1af9424bce1b9f700","isMergeCommit":false,"messageTitle":"feat: se agrega al main los nuevos histogramas log10","messageBody":"","fileTypesAndContributionMap":{"py":{"insertions":14,"deletions":15}}},{"hash":"5c129c9d22a68280e18f2469f055b203a31de413","isMergeCommit":false,"messageTitle":"feat: se agregan los nuevos gráficos","messageBody":"","fileTypesAndContributionMap":{}}]},{"date":"2025-10-02T00:00:00","commitResults":[{"hash":"6a1bad7eda53a5f705796d0f0c848ab4d970b625","isMergeCommit":false,"messageTitle":"feat: se agrega código que realiza histogramas luego de realizar una transformación de los datos a log10","messageBody":"","fileTypesAndContributionMap":{"py":{"insertions":83,"deletions":0}}}]},{"date":"2025-10-03T00:00:00","commitResults":[{"hash":"21108a6d09bc7a766f5e52fa99797fde1de2ca76","isMergeCommit":false,"messageTitle":"fix: se corrige plot_correlation_heatmap a plot_correlation_heatmap_pearson","messageBody":"","fileTypesAndContributionMap":{"py":{"insertions":29,"deletions":8}}},{"hash":"1dff9d33f8fddb226ca12f5e86db9dea189baf64","isMergeCommit":false,"messageTitle":"feat: se añaden heatmap con distintos métodos de correlación","messageBody":"","fileTypesAndContributionMap":{}},{"hash":"507e59fb07ae6820048da985876044fe833b8194","isMergeCommit":false,"messageTitle":"feat: se añade código de los heatmap con los métodos de correlación de pearson, spearman y kendall","messageBody":"","fileTypesAndContributionMap":{"py":{"insertions":25,"deletions":0}}},{"hash":"89e1b97a4ef6cef19aec7a6cdd40108398ce0a21","isMergeCommit":false,"messageTitle":"se añade definición y referencia de la medida de correlación Tau de Kendall","messageBody":"","fileTypesAndContributionMap":{"qmd":{"insertions":19,"deletions":4},"bib":{"insertions":9,"deletions":0}}},{"hash":"27045d4f53b556398e51f49d06fba9229db0e604","isMergeCommit":false,"messageTitle":"fix: correción del formato de algunos gráficos presentados","messageBody":"","fileTypesAndContributionMap":{"qmd":{"insertions":10,"deletions":2}}},{"hash":"fa7985112e3a966a7080ac0ac40cf85562eb100e","isMergeCommit":false,"messageTitle":"fix: corrección en el código de plot_scatter_log_recipients_vs_originated","messageBody":"","fileTypesAndContributionMap":{"py":{"insertions":1,"deletions":9}}},{"hash":"908bffdd1e578ff40f40f17b9a81ded3e5f6be0c","isMergeCommit":false,"messageTitle":"feat: se agrega la gráfica dispercion_log-log.png","messageBody":"","fileTypesAndContributionMap":{}},{"hash":"c79fbd2d6228462c71e5f4cb75cbaae2fdad70ad","isMergeCommit":false,"messageTitle":"fix: mejor planteamiento de los objetivos del proyecto","messageBody":"","fileTypesAndContributionMap":{"qmd":{"insertions":6,"deletions":6}}},{"hash":"d93349215c6993e619520d35ed0798e896a20ed9","isMergeCommit":false,"messageTitle":"feat: se añade la presentación del sprint 4","messageBody":"","fileTypesAndContributionMap":{}}]},{"date":"2025-10-16T00:00:00","commitResults":[{"hash":"04bb845e98079658353ecf942eac8d98abf79b9f","isMergeCommit":false,"messageTitle":"feat: se filtran los datos a las variables de interés","messageBody":"","fileTypesAndContributionMap":{"ipynb":{"insertions":550,"deletions":0}}},{"hash":"dbd2b51b1905f5a0ee29121413fab8ab2d0f3652","isMergeCommit":false,"messageTitle":"feat: se justifica la escogencia de estaca log","messageBody":"","fileTypesAndContributionMap":{"ipynb":{"insertions":410,"deletions":5}}},{"hash":"14b4bfaea4f85cea681660426700874e49ff7018","isMergeCommit":false,"messageTitle":"feat: se modifica el df para tener datos log","messageBody":"","fileTypesAndContributionMap":{"ipynb":{"insertions":522,"deletions":6}}},{"hash":"df42ab76f83a549c41a132db80203d50a72023c0","isMergeCommit":false,"messageTitle":"feat: se agrega el código de ajuste de las densidades marginales","messageBody":"","fileTypesAndContributionMap":{"ipynb":{"insertions":125,"deletions":8}}},{"hash":"4fac66f4941cd0e43c6072b5574335486fba1251","isMergeCommit":false,"messageTitle":"feat: se agrega código para graficar histogramas junto con la densidad selecionada por el ajuste","messageBody":"","fileTypesAndContributionMap":{"ipynb":{"insertions":48,"deletions":9}}},{"hash":"d5f610dd9786d6cdd012227ea0eed9c17842587c","isMergeCommit":false,"messageTitle":"feat: se agrega código para hacer PIT","messageBody":"","fileTypesAndContributionMap":{"ipynb":{"insertions":590,"deletions":10}}},{"hash":"6f082d2018bf4f282c131b01fa381d67a30a54f9","isMergeCommit":false,"messageTitle":"feat: se agrega código para comparar la PIT con U[0,1] para ver si la transformación se ajusta bien","messageBody":"","fileTypesAndContributionMap":{"ipynb":{"insertions":85,"deletions":16}}},{"hash":"9f650c07a34e8eb2a5f07cb54d6f5171d72732aa","isMergeCommit":false,"messageTitle":"feat: se agregan referencias","messageBody":"","fileTypesAndContributionMap":{"bib":{"insertions":29,"deletions":0}}}]}],"Diego Vega":[{"date":"2025-09-05T00:00:00","commitResults":[{"hash":"c02c50eedee10ce97f5ff95ea8f8df134bc29c08","isMergeCommit":false,"messageTitle":"Agrega presentación","messageBody":"","fileTypesAndContributionMap":{}}]}],"unknown":[{"date":"2025-08-22T00:00:00","commitResults":[{"hash":"6ef6c217e948b5227c0316684042a3341975a73e","isMergeCommit":false,"messageTitle":"docs: agrega historia de usuario 3 y daily a sprint_1.md","messageBody":"","fileTypesAndContributionMap":{"md":{"insertions":79,"deletions":84}}},{"hash":"db8e46c724576f2ab470b42a9338b223a9a0de64","isMergeCommit":false,"messageTitle":"docs: modifica archivos","messageBody":"","fileTypesAndContributionMap":{"Rhistory":{"insertions":0,"deletions":0},"qmd":{"insertions":36,"deletions":0}}},{"hash":"89eb867c0aeae58e7d00c1dc9e755d869df1b8a1","isMergeCommit":false,"messageTitle":"feat: lectura y análisis preliminario de datos","messageBody":"","fileTypesAndContributionMap":{"qmd":{"insertions":65,"deletions":3}}}]},{"date":"2025-08-29T00:00:00","commitResults":[{"hash":"19143bcc0f7ccca2e27340a7919c597bf537e7f3","isMergeCommit":false,"messageTitle":"docs: agrega documentación de la base y modifica sprint_2.md","messageBody":"","fileTypesAndContributionMap":{"md":{"insertions":23,"deletions":1},"qmd":{"insertions":34,"deletions":0}}},{"hash":"618233b3cf99361bf8b57e8e0aa3cfa0a9d3872d","isMergeCommit":false,"messageTitle":"docs: agrega nombre de Roberto","messageBody":"","fileTypesAndContributionMap":{"qmd":{"insertions":1,"deletions":1}}}]}]},"authorFileTypeContributionMap":{"Gabriel Sanabria":{"gitignore":1,"py":345,"csv":52,"qmd":169,"bib":396,"md":60},"pre-commit-ci[bot]":{"yaml":2,"py":10},"Maikol Solís":{"gitignore":207,"yaml":49,"other":1,"LICENSE":21,"md":804,"ipynb":21,"toml":18,"txt":1,"py":6},"GabrielSanabriaA":{"md":1},"Andy Roberto Peralta Duarte":{"qmd":31,"Rmd":118},"Diego Alberto Vega Víquez":{"Rhistory":3,"gitignore":1,"pper":31,"saved_source_markers":1,"csv":3793,"bbl":148,"tex":91,"bib":467,"qmd":533,"css":3,"Rproj":13,"toml":4,"md":30,"py":768,"lock":2532},"Jeikel Navarro":{"R":34,"ipynb":2276,"qmd":88,"bib":105,"md":8,"py":145},"Diego Vega":{},"unknown":{"qmd":132,"md":44}},"authorContributionVariance":{"Gabriel Sanabria":4412.7007,"pre-commit-ci[bot]":113.41053,"Maikol Solís":22207.441,"GabrielSanabriaA":0.014702586,"Andy Roberto Peralta Duarte":237.64224,"Diego Alberto Vega Víquez":769983.44,"Jeikel Navarro":85851.59,"Diego Vega":0.0,"unknown":1093.9261},"authorDisplayNameMap":{"Gabriel Sanabria":"Gabriel Sanabria","pre-commit-ci[bot]":"pre-commit-ci[bot]","Maikol Solís":"Maikol Solís","GabrielSanabriaA":"GabrielSanabriaA","Andy Roberto Peralta Duarte":"Andy Roberto Peralta Duarte","Diego Alberto Vega Víquez":"Diego Alberto Vega Víquez","Jeikel Navarro":"Jeikel Navarro","Diego Vega":"Diego Vega","unknown":"unknown"}}
