{"authorDailyContributionsMap":{"Roberto-Peralta":[{"date":"2025-08-22T00:00:00","commitResults":[{"hash":"6ef6c217e948b5227c0316684042a3341975a73e","isMergeCommit":false,"messageTitle":"docs: agrega historia de usuario 3 y daily a sprint_1.md","messageBody":"","fileTypesAndContributionMap":{"md":{"insertions":79,"deletions":84}}},{"hash":"db8e46c724576f2ab470b42a9338b223a9a0de64","isMergeCommit":false,"messageTitle":"docs: modifica archivos","messageBody":"","fileTypesAndContributionMap":{"Rhistory":{"insertions":0,"deletions":0},"qmd":{"insertions":36,"deletions":0}}},{"hash":"89eb867c0aeae58e7d00c1dc9e755d869df1b8a1","isMergeCommit":false,"messageTitle":"feat: lectura y análisis preliminario de datos","messageBody":"","fileTypesAndContributionMap":{"qmd":{"insertions":65,"deletions":3}}}]},{"date":"2025-08-29T00:00:00","commitResults":[{"hash":"19143bcc0f7ccca2e27340a7919c597bf537e7f3","isMergeCommit":false,"messageTitle":"docs: agrega documentación de la base y modifica sprint_2.md","messageBody":"","fileTypesAndContributionMap":{"md":{"insertions":23,"deletions":1},"qmd":{"insertions":34,"deletions":0}}},{"hash":"618233b3cf99361bf8b57e8e0aa3cfa0a9d3872d","isMergeCommit":false,"messageTitle":"docs: agrega nombre de Roberto","messageBody":"","fileTypesAndContributionMap":{"qmd":{"insertions":1,"deletions":1}}}]}],"JEIKEL195":[{"date":"2025-08-22T00:00:00","commitResults":[{"hash":"ec4b5716273ae2071760e6df13f8951f5a3443b5","isMergeCommit":false,"messageTitle":"feat: agrega primer referencia bibliográfica","messageBody":"","fileTypesAndContributionMap":{"qmd":{"insertions":15,"deletions":0}}},{"hash":"27b02b3a44bba193f3995b9f09aa7ef71ba28648","isMergeCommit":false,"messageTitle":"feat: agrega segunda referencia bibliográfica","messageBody":"","fileTypesAndContributionMap":{"qmd":{"insertions":9,"deletions":1}}},{"hash":"e93afa9c4affa181e67d9f8ec87af7fc22f4e499","isMergeCommit":false,"messageTitle":"feat: agrega referencia bibliográfica tres y cuatro","messageBody":"","fileTypesAndContributionMap":{"qmd":{"insertions":20,"deletions":0},"bib":{"insertions":29,"deletions":0}}},{"hash":"3a6793cbd8278787a240f4b777ecc48d038423e2","isMergeCommit":false,"messageTitle":"feat: agrega nueva referencia bibligráfica","messageBody":"","fileTypesAndContributionMap":{"qmd":{"insertions":11,"deletions":0},"bib":{"insertions":41,"deletions":0}}},{"hash":"0a80cbec55d428907a944da344e397178f58994b","isMergeCommit":false,"messageTitle":"feat: actualización del scrum","messageBody":"","fileTypesAndContributionMap":{"md":{"insertions":5,"deletions":5}}}]},{"date":"2025-08-29T00:00:00","commitResults":[{"hash":"318ac19c34e3b6270889a1c45ce04f6e3ee85eb6","isMergeCommit":false,"messageTitle":"feat: se agrega código de limpieza de la base de datos","messageBody":"","fileTypesAndContributionMap":{"R":{"insertions":34,"deletions":0}}},{"hash":"a7cb3380e2c639dca806fb6cd101cfc12aacad0d","isMergeCommit":false,"messageTitle":"feat: agrega tabla resumen","messageBody":"","fileTypesAndContributionMap":{}},{"hash":"013139558282bc95b20ba1eaee7df3f8a2fb4076","isMergeCommit":false,"messageTitle":"feat: agrega actualización del scrum","messageBody":"","fileTypesAndContributionMap":{"md":{"insertions":3,"deletions":3}}}]},{"date":"2025-09-19T00:00:00","commitResults":[{"hash":"b49d7d3d90e6f944a2b7dc84d2687ad70c110363","isMergeCommit":false,"messageTitle":"feat: se agrega código que realiza histogramas luego de realizar una transformación de los datos a log10","messageBody":"","fileTypesAndContributionMap":{"py":{"insertions":84,"deletions":0}}},{"hash":"2cf11262290e4a4f1cddf4b1af9424bce1b9f700","isMergeCommit":false,"messageTitle":"feat: se agrega al main los nuevos histogramas log10","messageBody":"","fileTypesAndContributionMap":{"py":{"insertions":14,"deletions":15}}},{"hash":"5c129c9d22a68280e18f2469f055b203a31de413","isMergeCommit":false,"messageTitle":"feat: se agregan los nuevos gráficos","messageBody":"","fileTypesAndContributionMap":{}}]},{"date":"2025-10-02T00:00:00","commitResults":[{"hash":"6a1bad7eda53a5f705796d0f0c848ab4d970b625","isMergeCommit":false,"messageTitle":"feat: se agrega código que realiza histogramas luego de realizar una transformación de los datos a log10","messageBody":"","fileTypesAndContributionMap":{"py":{"insertions":83,"deletions":0}}}]},{"date":"2025-10-03T00:00:00","commitResults":[{"hash":"21108a6d09bc7a766f5e52fa99797fde1de2ca76","isMergeCommit":false,"messageTitle":"fix: se corrige plot_correlation_heatmap a plot_correlation_heatmap_pearson","messageBody":"","fileTypesAndContributionMap":{"py":{"insertions":29,"deletions":8}}},{"hash":"1dff9d33f8fddb226ca12f5e86db9dea189baf64","isMergeCommit":false,"messageTitle":"feat: se añaden heatmap con distintos métodos de correlación","messageBody":"","fileTypesAndContributionMap":{}},{"hash":"507e59fb07ae6820048da985876044fe833b8194","isMergeCommit":false,"messageTitle":"feat: se añade código de los heatmap con los métodos de correlación de pearson, spearman y kendall","messageBody":"","fileTypesAndContributionMap":{"py":{"insertions":25,"deletions":0}}},{"hash":"89e1b97a4ef6cef19aec7a6cdd40108398ce0a21","isMergeCommit":false,"messageTitle":"se añade definición y referencia de la medida de correlación Tau de Kendall","messageBody":"","fileTypesAndContributionMap":{"qmd":{"insertions":19,"deletions":4},"bib":{"insertions":9,"deletions":0}}},{"hash":"27045d4f53b556398e51f49d06fba9229db0e604","isMergeCommit":false,"messageTitle":"fix: correción del formato de algunos gráficos presentados","messageBody":"","fileTypesAndContributionMap":{"qmd":{"insertions":10,"deletions":2}}},{"hash":"fa7985112e3a966a7080ac0ac40cf85562eb100e","isMergeCommit":false,"messageTitle":"fix: corrección en el código de plot_scatter_log_recipients_vs_originated","messageBody":"","fileTypesAndContributionMap":{"py":{"insertions":1,"deletions":9}}},{"hash":"908bffdd1e578ff40f40f17b9a81ded3e5f6be0c","isMergeCommit":false,"messageTitle":"feat: se agrega la gráfica dispercion_log-log.png","messageBody":"","fileTypesAndContributionMap":{}},{"hash":"c79fbd2d6228462c71e5f4cb75cbaae2fdad70ad","isMergeCommit":false,"messageTitle":"fix: mejor planteamiento de los objetivos del proyecto","messageBody":"","fileTypesAndContributionMap":{"qmd":{"insertions":6,"deletions":6}}},{"hash":"d93349215c6993e619520d35ed0798e896a20ed9","isMergeCommit":false,"messageTitle":"feat: se añade la presentación del sprint 4","messageBody":"","fileTypesAndContributionMap":{}}]}],"gabosanabria04":[],"Diego-Vega-Viquez":[{"date":"2025-08-20T00:00:00","commitResults":[{"hash":"e27752260948b511edcdf47fdf93c9b39bbada2a","isMergeCommit":false,"messageTitle":"feat: agrega base de datos bruta","messageBody":"","fileTypesAndContributionMap":{"lock":{"insertions":1190,"deletions":0}}},{"hash":"33b3524450b604e4e04583be95ac9b840795334f","isMergeCommit":false,"messageTitle":"feat: avanza el informe sprint_1.md","messageBody":"","fileTypesAndContributionMap":{"md":{"insertions":37,"deletions":13}}}]},{"date":"2025-08-21T00:00:00","commitResults":[{"hash":"1f5defa8d266cadf65cc004efcda9cd46eec82c6","isMergeCommit":false,"messageTitle":"feat: agregar módulo de limpieza de datos y configurar lectura del archivo Excel","messageBody":"","fileTypesAndContributionMap":{"csv":{"insertions":3793,"deletions":0},"py":{"insertions":79,"deletions":0}}},{"hash":"a9cb507634910b3fac4d98afb3eb65c42548333a","isMergeCommit":false,"messageTitle":"chore: eliminar archivos CSV temporales de datos crudos y limpios","messageBody":"","fileTypesAndContributionMap":{"csv":{"insertions":0,"deletions":0}}},{"hash":"71466b092f1d8106cea076954754de1b6c6acf5c","isMergeCommit":false,"messageTitle":"feat: agregar avance del reporte final con objetivos, tema y pregunta de investigacion","messageBody":"","fileTypesAndContributionMap":{"tex":{"insertions":266,"deletions":0}}}]},{"date":"2025-08-22T00:00:00","commitResults":[{"hash":"c84179aed34f9e0b48d5d2ac730570b35c7292be","isMergeCommit":false,"messageTitle":"fix: corrige la limpieza de datos en el src","messageBody":"","fileTypesAndContributionMap":{"Rhistory":{"insertions":2,"deletions":0},"other":{"insertions":0,"deletions":0},"csv":{"insertions":2,"deletions":1},"pper":{"insertions":31,"deletions":0},"py":{"insertions":42,"deletions":4},"saved_source_markers":{"insertions":1,"deletions":0}}},{"hash":"fd53f23bf98d449b41c6da95d426a4e340b54b3b","isMergeCommit":false,"messageTitle":"feat: actualiza el avance del reporte","messageBody":"","fileTypesAndContributionMap":{"bcf":{"insertions":3143,"deletions":0},"aux":{"insertions":31,"deletions":0},"xml":{"insertions":87,"deletions":0},"tex":{"insertions":73,"deletions":248},"fls":{"insertions":152,"deletions":0},"fdb_latexmk":{"insertions":89,"deletions":0}}},{"hash":"e0bf41d587dcedddfcbeafb1c9b926bd47803e60","isMergeCommit":false,"messageTitle":"fix: corrge renderizado del avance","messageBody":"","fileTypesAndContributionMap":{"bcf":{"insertions":0,"deletions":1},"aux":{"insertions":8,"deletions":5},"xml":{"insertions":2,"deletions":2},"tex":{"insertions":1,"deletions":1},"bib":{"insertions":1,"deletions":1},"blg":{"insertions":17,"deletions":0},"fls":{"insertions":7,"deletions":5},"bbl":{"insertions":148,"deletions":0},"fdb_latexmk":{"insertions":9,"deletions":11}}}]},{"date":"2025-08-29T00:00:00","commitResults":[{"hash":"6267cc57a17ff375f0f506f925b1ea28da505d5f","isMergeCommit":false,"messageTitle":"fix: corrge conflictos","messageBody":"","fileTypesAndContributionMap":{"bcf":{"insertions":0,"deletions":3142},"aux":{"insertions":0,"deletions":34},"gitignore":{"insertions":1,"deletions":0},"xml":{"insertions":0,"deletions":87},"tex":{"insertions":1,"deletions":1},"Rproj":{"insertions":13,"deletions":0},"qmd":{"insertions":13,"deletions":9},"py":{"insertions":60,"deletions":0},"blg":{"insertions":0,"deletions":17},"fls":{"insertions":0,"deletions":154},"fdb_latexmk":{"insertions":0,"deletions":87}}},{"hash":"c99b86cfe56e845bdab111450f71b18d0e0a0764","isMergeCommit":false,"messageTitle":"feat: agrega algunos graficos descriptivos","messageBody":"","fileTypesAndContributionMap":{"py":{"insertions":217,"deletions":4}}},{"hash":"639b458cba46fa97953a2ceba6fe76329fbf91a3","isMergeCommit":false,"messageTitle":"feat: agrega al daily del Sprint 2","messageBody":"","fileTypesAndContributionMap":{"md":{"insertions":3,"deletions":31}}}]},{"date":"2025-09-04T00:00:00","commitResults":[{"hash":"2ce2659ba80493673d7fb4bd14f9e24d93e57d8e","isMergeCommit":false,"messageTitle":"chore: revisa y corrige la redacción del marco teorico Sprint2","messageBody":"","fileTypesAndContributionMap":{"Rhistory":{"insertions":0,"deletions":0},"css":{"insertions":1,"deletions":0},"qmd":{"insertions":13,"deletions":20}}}]},{"date":"2025-09-05T00:00:00","commitResults":[{"hash":"c02c50eedee10ce97f5ff95ea8f8df134bc29c08","isMergeCommit":false,"messageTitle":"Agrega presentación","messageBody":"","fileTypesAndContributionMap":{}}]},{"date":"2025-09-19T00:00:00","commitResults":[{"hash":"9c90a41c693772fffdab5c3d23b9554354107209","isMergeCommit":false,"messageTitle":"feat: agrega análisis descriptivo","messageBody":"","fileTypesAndContributionMap":{"css":{"insertions":1,"deletions":0},"qmd":{"insertions":244,"deletions":0},"py":{"insertions":207,"deletions":0},"lock":{"insertions":1346,"deletions":4},"bib":{"insertions":233,"deletions":0},"toml":{"insertions":4,"deletions":0}}}]},{"date":"2025-10-02T00:00:00","commitResults":[{"hash":"157409f7b251ae4edf355a49944bd6582aaf8f94","isMergeCommit":false,"messageTitle":"feat: agrega los gráficos para el sprint 4","messageBody":"","fileTypesAndContributionMap":{"py":{"insertions":163,"deletions":0}}},{"hash":"43340092a1b159e2d94d948d7d1086e4f358205b","isMergeCommit":false,"messageTitle":"chore: revisa y corrige la redacción del marco teorico Sprint2","messageBody":"","fileTypesAndContributionMap":{}},{"hash":"ff388bd2380127e884a25a9e4e83842ae719135c","isMergeCommit":false,"messageTitle":"feat: corrige conflictos con el commit de gabo","messageBody":"","fileTypesAndContributionMap":{"py":{"insertions":19,"deletions":0}}},{"hash":"e76cd5ac4558319172c1b21e8e69f88e4c7c27ed","isMergeCommit":false,"messageTitle":"feat: agrega los gráficos para el sprint 4","messageBody":"","fileTypesAndContributionMap":{"py":{"insertions":16,"deletions":0}}},{"hash":"dfc38213a8b179045d902806e9230698508e2c30","isMergeCommit":false,"messageTitle":"feat: agrega el documento escrito del sprint 4","messageBody":"","fileTypesAndContributionMap":{"Rhistory":{"insertions":1,"deletions":0},"css":{"insertions":1,"deletions":0},"qmd":{"insertions":273,"deletions":0},"bib":{"insertions":233,"deletions":0}}},{"hash":"225a60f203a762c9c974b192ec8f7efed6764868","isMergeCommit":false,"messageTitle":"fix: elimina funciones duplicadas que causaban redefinición (F811)","messageBody":"","fileTypesAndContributionMap":{"py":{"insertions":0,"deletions":83}}},{"hash":"69eaebdf9c6f8a8e75b49367a1c4286a977a7b5d","isMergeCommit":false,"messageTitle":"feat: agrega los gráficos para el sprint 4 (sin PDF grande)","messageBody":"","fileTypesAndContributionMap":{"py":{"insertions":17,"deletions":1}}},{"hash":"0ba5aa2228e5cc87d0cd8f2ddfc39fe506c47d26","isMergeCommit":false,"messageTitle":"feat: agrega los gráficos para el sprint 4","messageBody":"","fileTypesAndContributionMap":{"py":{"insertions":0,"deletions":11}}},{"hash":"32d928187175b7b0334d17047eeb08a684fc7094","isMergeCommit":false,"messageTitle":"feat: agrega los gráficos para el sprint 4 (sin PDF grande)","messageBody":"","fileTypesAndContributionMap":{"py":{"insertions":10,"deletions":0}}},{"hash":"a4c6d99937a7978e1fcaf1078332ef8e7f750202","isMergeCommit":false,"messageTitle":"feat: agrega los gráficos para el sprint 4","messageBody":"","fileTypesAndContributionMap":{"py":{"insertions":3,"deletions":10}}}]}]},"authorFileTypeContributionMap":{"Roberto-Peralta":{"qmd":132,"md":44},"JEIKEL195":{"R":34,"qmd":88,"bib":77,"md":8,"py":145},"gabosanabria04":{},"Diego-Vega-Viquez":{"Rhistory":3,"gitignore":1,"pper":31,"saved_source_markers":1,"csv":3792,"bbl":148,"tex":91,"bib":467,"qmd":533,"css":3,"Rproj":13,"toml":4,"md":30,"py":768,"lock":2532}},"authorContributionVariance":{"Roberto-Peralta":1350.1652,"JEIKEL195":953.859,"gabosanabria04":0.0,"Diego-Vega-Viquez":937690.56},"authorDisplayNameMap":{"Roberto-Peralta":"Roberto Peralta","JEIKEL195":"Jeikel Navarro","gabosanabria04":"Gabriel Sanabria","Diego-Vega-Viquez":"Diego Vega"}}
