{"authorDailyContributionsMap":{"Roberto-Peralta":[],"JEIKEL195":[],"gabosanabria04":[],"Diego-Vega-Viquez":[{"date":"2025-08-20T00:00:00","commitResults":[{"hash":"e27752260948b511edcdf47fdf93c9b39bbada2a","isMergeCommit":false,"messageTitle":"feat: agrega base de datos bruta","messageBody":"","fileTypesAndContributionMap":{"lock":{"insertions":1190,"deletions":0}}},{"hash":"33b3524450b604e4e04583be95ac9b840795334f","isMergeCommit":false,"messageTitle":"feat: avanza el informe sprint_1.md","messageBody":"","fileTypesAndContributionMap":{"md":{"insertions":37,"deletions":13}}}]},{"date":"2025-08-21T00:00:00","commitResults":[{"hash":"1f5defa8d266cadf65cc004efcda9cd46eec82c6","isMergeCommit":false,"messageTitle":"feat: agregar módulo de limpieza de datos y configurar lectura del archivo Excel","messageBody":"","fileTypesAndContributionMap":{"csv":{"insertions":3793,"deletions":0},"py":{"insertions":79,"deletions":0}}},{"hash":"a9cb507634910b3fac4d98afb3eb65c42548333a","isMergeCommit":false,"messageTitle":"chore: eliminar archivos CSV temporales de datos crudos y limpios","messageBody":"","fileTypesAndContributionMap":{"csv":{"insertions":0,"deletions":0}}},{"hash":"71466b092f1d8106cea076954754de1b6c6acf5c","isMergeCommit":false,"messageTitle":"feat: agregar avance del reporte final con objetivos, tema y pregunta de investigacion","messageBody":"","fileTypesAndContributionMap":{"tex":{"insertions":266,"deletions":0}}}]}]},"authorFileTypeContributionMap":{"Roberto-Peralta":{},"JEIKEL195":{},"gabosanabria04":{},"Diego-Vega-Viquez":{"csv":3793,"tex":266,"md":37,"py":79,"lock":1190}},"authorContributionVariance":{"Roberto-Peralta":0.0,"JEIKEL195":0.0,"gabosanabria04":0.0,"Diego-Vega-Viquez":1457390.0},"authorDisplayNameMap":{"Roberto-Peralta":"Roberto Peralta","JEIKEL195":"Jeikel Navarro","gabosanabria04":"Gabriel Sanabria","Diego-Vega-Viquez":"Diego Vega"}}
