{"authorDailyContributionsMap":{"Maikol Solís":[{"date":"2025-08-14T00:00:00","commitResults":[{"hash":"e6a44a9142809385e58e4b3d1eab882ecc94b18a","isMergeCommit":false,"messageTitle":"Initial commit","messageBody":"","fileTypesAndContributionMap":{"grupo-3":{"insertions":259,"deletions":0},"other":{"insertions":970,"deletions":0}}}]}]},"authorFileTypeContributionMap":{"Maikol Solís":{"grupo-3":259,"other":970}},"authorContributionVariance":{"Maikol Solís":48669.766},"authorDisplayNameMap":{"Maikol Solís":"Maikol Solís"}}
